name,college,image_url
C.J. Stroud,Ohio State,
Bryce Young,Alabama,https://upload.wikimedia.org/wikipedia/commons/3/3a/Bryce_Young_at_W.P.T._Hill_Field_-_2024_-_02_%28cropped%29.jpg
Anthony Richardson,Florida,
Will Levis,Kentucky,https://upload.wikimedia.org/wikipedia/commons/8/82/Will_Levis_Titans-Steelers_NOV2023.png
Brock Purdy,Iowa State,https://upload.wikimedia.org/wikipedia/commons/4/49/BrockPurdy2021_%28cropped%29.jpg
Geno Smith,West Virginia,https://upload.wikimedia.org/wikipedia/commons/6/6c/Geno_Smith_Raiders_2025_%28cropped%29.jpg
Daniel Jones,Duke,
Jared Goff,California,https://upload.wikimedia.org/wikipedia/commons/4/48/Jared_Goff_by_Gage_Skidmore.jpg
Jordan Love,Utah State,https://upload.wikimedia.org/wikipedia/commons/6/6a/2025_Commanders_at_Packers_135_%28cropped%29.jpg
Trevor Lawrence,Clemson,https://upload.wikimedia.org/wikipedia/commons/0/02/Trevor_Lawrence_SEP2022_%28cropped%29.jpg
Mac Jones,Alabama,https://upload.wikimedia.org/wikipedia/commons/2/2f/Mac_1237_%281%29_%282%29.jpg
Deshaun Watson,Clemson,https://upload.wikimedia.org/wikipedia/commons/f/f6/Deshaun_Watson_%2853142891313%29_%28cropped%29.jpg
Aaron Rodgers,California,https://upload.wikimedia.org/wikipedia/commons/c/c3/Aaron_Rodgers_OCT2022_%28cropped%29.jpg
Derek Carr,Fresno State,https://upload.wikimedia.org/wikipedia/commons/5/50/Derek_Carr_WFT_at_Raiders_-_51735347857_%28cropped%29.jpg
Jacoby Brissett,NC State,https://upload.wikimedia.org/wikipedia/commons/2/20/Jacoby_Brissett_at_Charity_Softball_Game_2024_%28cropped%29.jpg
Teddy Bridgewater,Louisville,https://upload.wikimedia.org/wikipedia/commons/a/a2/Teddy_Bridgewater_2017.jpg
Case Keenum,Houston,https://upload.wikimedia.org/wikipedia/commons/a/a8/Case_Keenum_%2848572342057%29.jpg
Andy Dalton,TCU,https://upload.wikimedia.org/wikipedia/commons/d/df/Andy_Dalton_2017%E2%80%942.JPG
Nick Foles,Arizona,https://upload.wikimedia.org/wikipedia/commons/8/8a/Nick_Foles_Philadelphia_Eagles_Super_Bowl_LII_Victory_Parade_%2840140602902%29_%28cropped1%29.jpg
Colin Kaepernick,Nevada,https://upload.wikimedia.org/wikipedia/commons/1/1b/Colin_Kaepernick_-_San_Francisco_vs_Green_Bay_2012.jpg
Robert Griffin III,Baylor,https://upload.wikimedia.org/wikipedia/commons/3/35/Robert_Griffin_III_2022.jpg
Jameis Winston,Florida State,https://upload.wikimedia.org/wikipedia/commons/2/29/WFT_vs._Saints_%2851583434549%29.jpg
Marcus Mariota,Oregon,https://upload.wikimedia.org/wikipedia/commons/9/98/Marcus_Mariota_Commanders_2025.jpg
Baker Mayfield,Oklahoma,https://upload.wikimedia.org/wikipedia/commons/d/dd/Baker_Mayfield_%28cropped%29.jpg
Sam Darnold,USC,https://upload.wikimedia.org/wikipedia/commons/5/56/Sam_darnold_2019.jpg
Josh Rosen,UCLA,https://upload.wikimedia.org/wikipedia/commons/d/dd/Josh_Rosen_Browns_Camp_2022_%28cropped%29.jpg
Mitch Trubisky,North Carolina,
Carson Wentz,North Dakota State,https://upload.wikimedia.org/wikipedia/commons/c/c8/Carson_Wentz_%2851944114342%29_%28cropped%29.jpg
Eli Manning,Ole Miss,https://upload.wikimedia.org/wikipedia/commons/6/6c/Eli_Manning_crop.jpg
Alex Smith,Utah,https://upload.wikimedia.org/wikipedia/commons/e/ec/Alex_Smith_Redskins_2018.jpg
Jay Cutler,Vanderbilt,https://upload.wikimedia.org/wikipedia/commons/c/c5/JayCutlergfdl_%28cropped%29.JPG
Tony Romo,Eastern Illinois,https://upload.wikimedia.org/wikipedia/commons/4/4e/Tony_Romo_2015.jpg
Chad Pennington,Marshall,https://upload.wikimedia.org/wikipedia/commons/5/5a/Chad_Pennington.jpg
Donovan McNabb,Syracuse,https://upload.wikimedia.org/wikipedia/commons/7/7e/McNabb_cropped.jpg
Michael Vick,Virginia Tech,https://upload.wikimedia.org/wikipedia/commons/e/e5/Michael_vick_2017_%28cropped%29.jpg
Vince Young,Texas,https://upload.wikimedia.org/wikipedia/commons/2/25/Vince-Young.jpg
Matt Leinart,USC,https://upload.wikimedia.org/wikipedia/commons/5/53/Matt_Leinart_by_Gage_Skidmore.jpg
JaMarcus Russell,LSU,https://upload.wikimedia.org/wikipedia/commons/f/f1/JaMarcus_Russell_at_Falcons_at_Raiders_11-2-08.JPG
Ryan Fitzpatrick,Harvard,https://upload.wikimedia.org/wikipedia/commons/9/9d/Ryan_Fitzpatrick_Thursday_Night_Football_DEC2023_%28cropped%29.jpg
Tyrod Taylor,Virginia Tech,https://upload.wikimedia.org/wikipedia/commons/3/3a/Tyrod_Taylor_2016.jpg
Gardner Minshew,Washington State,https://upload.wikimedia.org/wikipedia/commons/9/9d/Gardner_Minshew_%28cropped%29.jpg
Trey Lance,North Dakota State,
Zach Wilson,BYU,https://upload.wikimedia.org/wikipedia/commons/8/81/Zach_Wilson_in_London.jpg
Justin Fields,Ohio State,https://upload.wikimedia.org/wikipedia/commons/4/4c/2025_NYJ_Media_Day_Justin_Fields_%28cropped%29.png
Kenny Pickett,Pittsburgh,https://upload.wikimedia.org/wikipedia/commons/3/3c/Kenny_Pickett_by_Gage_Skidmore.jpg
Davis Mills,Stanford,https://upload.wikimedia.org/wikipedia/commons/7/7f/Davis_Mills_Being_Chased_%28cropped%29.jpg
Sam Howell,North Carolina,https://upload.wikimedia.org/wikipedia/commons/c/cc/Sam_Howell_2022_-_3_%28cropped%29.jpg
Jahmyr Gibbs,Alabama,
Bijan Robinson,Texas,https://upload.wikimedia.org/wikipedia/commons/3/38/Atlanta_Falcons_Bijan_Robinson_MAY2023_%28cropped%29.png
Kenneth Walker III,Michigan State,
Breece Hall,Iowa State,https://upload.wikimedia.org/wikipedia/commons/b/b3/Breece_Hall_FanDuel_Interview_%28cropped%29.png
Travis Etienne,Clemson,https://upload.wikimedia.org/wikipedia/commons/6/6d/Travis_Etienne.jpg
Najee Harris,Alabama,https://upload.wikimedia.org/wikipedia/commons/d/dc/NajeeHarris2022.jpg
Javonte Williams,North Carolina,https://upload.wikimedia.org/wikipedia/commons/1/1f/Javonte_WIlliams_2025.jpg
James Conner,Pittsburgh,
Aaron Jones,UTEP,
Austin Ekeler,Western State Colorado,https://upload.wikimedia.org/wikipedia/commons/b/b9/Austin_Ekeler_2024.jpg
Josh Jacobs,Alabama,https://upload.wikimedia.org/wikipedia/commons/e/ed/2025_Commanders_at_Packers_54_%28cropped%29.jpg
David Montgomery,Iowa State,
Miles Sanders,Penn State,https://upload.wikimedia.org/wikipedia/commons/2/2b/Nittany_Lions_in_the_NFL_%28Miles_Sanders%29_%28cropped%29.jpg
D'Andre Swift,Georgia,https://upload.wikimedia.org/wikipedia/commons/f/f3/GA_VS_LSU_E101318_9.jpg
Cam Akers,Florida State,https://upload.wikimedia.org/wikipedia/commons/0/0a/Cam_Akers_2017.png
Clyde Edwards-Helaire,LSU,https://upload.wikimedia.org/wikipedia/commons/e/ee/2020-0113-ClydeEdwards-Helaire.jpg
Antonio Gibson,Memphis,https://upload.wikimedia.org/wikipedia/commons/4/4c/Antonio_Gibson_%2851400621925%29_%28cropped%29.jpg
J.K. Dobbins,Ohio State,
A.J. Dillon,Boston College,
Damien Harris,Alabama,https://upload.wikimedia.org/wikipedia/commons/6/64/Damien_Harris_Jan_2018_1_%28cropped%29.jpg
Devin Singletary,Florida Atlantic,https://upload.wikimedia.org/wikipedia/commons/4/40/2018-0719-CUSAMD-DevinSingletary.jpg
Kareem Hunt,Toledo,https://upload.wikimedia.org/wikipedia/commons/b/bb/Kareem_Hunt_2021.jpg
Melvin Gordon,Wisconsin,https://upload.wikimedia.org/wikipedia/commons/4/41/Melvin_Gordon.JPG
Sony Michel,Georgia,https://upload.wikimedia.org/wikipedia/commons/f/f4/Sony_Michel_Jan_2018.jpg
Rashaad Penny,San Diego State,https://upload.wikimedia.org/wikipedia/commons/d/dd/Penny_Press.png
Kerryon Johnson,Auburn,https://upload.wikimedia.org/wikipedia/commons/7/79/Kerryon_Johnson_2018.png
Derrius Guice,LSU,https://upload.wikimedia.org/wikipedia/commons/5/5b/Redskins_Offense_%28cropped%29_3.jpg
Ronald Jones,USC,
Damien Williams,Oklahoma,https://upload.wikimedia.org/wikipedia/commons/6/61/Damien_Williams_%28running_back%29_2019.JPG
Tevin Coleman,Indiana,https://upload.wikimedia.org/wikipedia/commons/b/b3/Tevin_Coleman_2015.jpg
Devonta Freeman,Florida State,https://upload.wikimedia.org/wikipedia/commons/3/39/Devonta_Freeman_2018.jpg
Carlos Hyde,Ohio State,https://upload.wikimedia.org/wikipedia/commons/3/30/Carlos_Hyde.JPG
Matt Forte,Tulane,https://upload.wikimedia.org/wikipedia/commons/8/8f/Matt_Forte.jpg
Jamaal Charles,Texas,https://upload.wikimedia.org/wikipedia/commons/e/e4/Jamaal_Charles_by_Gage_Skidmore.jpg
DeMarco Murray,Oklahoma,https://upload.wikimedia.org/wikipedia/commons/0/08/Demarco_Murray_2012_cropped.jpg
Arian Foster,Tennessee,https://upload.wikimedia.org/wikipedia/commons/2/29/Arian_Foster_%28cropped%29.jpg
Knowshon Moreno,Georgia,https://upload.wikimedia.org/wikipedia/commons/e/e0/Knowshon_Moreno_by_Gage_Skidmore.jpg
Chris Johnson,East Carolina,
Reggie Bush,USC,https://upload.wikimedia.org/wikipedia/commons/a/af/Reggie_Bush_by_Gage_Skidmore.jpg
Maurice Jones-Drew,UCLA,https://upload.wikimedia.org/wikipedia/commons/b/be/Maurice_Jones-Drew_ESPNWeekend2010-066_%28cropped%29.jpg
Steven Jackson,Oregon State,https://upload.wikimedia.org/wikipedia/commons/a/a0/Rams_running_back_Steven_Jackson_at_the_coaching_clinic.jpg
Clinton Portis,Miami,https://upload.wikimedia.org/wikipedia/commons/3/33/Clinton_Portis_2019_DSC_4719_%2848830215606%29_%28cropped%29.jpg
Edgerrin James,Miami,
Ricky Williams,Texas,https://upload.wikimedia.org/wikipedia/commons/8/8c/Ricky_Williams_February_2020.jpg
Priest Holmes,Texas,https://upload.wikimedia.org/wikipedia/commons/f/f9/Priest_Holmes_speaks_with_soldiers_CROPPED.jpg
Shaun Alexander,Alabama,https://upload.wikimedia.org/wikipedia/commons/e/e8/Shaun_Alexander_2006.jpg
Brian Westbrook,Villanova,https://upload.wikimedia.org/wikipedia/commons/a/ae/Brian_Westbrook_Philly_HOF_%28cropped_1%29.jpg
Tiki Barber,Virginia,https://upload.wikimedia.org/wikipedia/commons/3/3a/Tiki_Barber_by_David_Shankbone.jpg
Warrick Dunn,Florida State,https://upload.wikimedia.org/wikipedia/commons/d/db/Warrick_Dunn_cropped.jpg
Fred Taylor,Florida,
Corey Dillon,Washington,
Jamal Lewis,Tennessee,
Justin Jefferson,LSU,https://upload.wikimedia.org/wikipedia/commons/2/24/Jefferson_2022.jpg
Ja'Marr Chase,LSU,https://upload.wikimedia.org/wikipedia/commons/7/74/Ja%27Marr_Chase.jpg
Garrett Wilson,Ohio State,https://upload.wikimedia.org/wikipedia/commons/4/41/2025_NYJ_offseason_-_Garrett_Wilson_interview_%28cropped%29.png
Chris Olave,Ohio State,https://upload.wikimedia.org/wikipedia/commons/c/ca/IX8A4137_%2845339431234%29_%28cropped%29.jpg
Amon-Ra St. Brown,USC,https://upload.wikimedia.org/wikipedia/commons/7/7b/Amon-Ra_St._Brown_FanDuel_Interview.png
Drake London,USC,https://upload.wikimedia.org/wikipedia/commons/7/7e/Drake_London_Falcons_camp_2022.png
Jaylen Waddle,Alabama,https://upload.wikimedia.org/wikipedia/commons/5/50/2024_Dolphins_vs_Titans_Jaylen_Waddle_%28cropped%29.png
DeVonta Smith,Alabama,https://upload.wikimedia.org/wikipedia/commons/9/9e/WFT_at_Eagles_-_51771281044_%28cropped%29.jpg
Tee Higgins,Clemson,https://upload.wikimedia.org/wikipedia/commons/f/f8/Tee_Higgins_%2850677888797%29_%28cropped%29.jpg
Brandon Aiyuk,Arizona State,https://upload.wikimedia.org/wikipedia/commons/b/bc/Brandon_Aiyuk_2020_%28cropped%29.jpg
Deebo Samuel,South Carolina,https://upload.wikimedia.org/wikipedia/commons/8/84/Deebo_Samuel_2025_week_1.jpg
D.J. Moore,Maryland,
Nico Collins,Michigan,https://upload.wikimedia.org/wikipedia/commons/d/d4/Nico_Collins_2019.jpg
Michael Pittman Jr.,USC,https://upload.wikimedia.org/wikipedia/commons/7/76/Michael_Pittman_Jr._%282020%29.jpg
Courtland Sutton,SMU,https://upload.wikimedia.org/wikipedia/commons/d/d8/Courtland_Sutton_Salute_to_Service_Boot_Camp_%2810%29.jpg
Diontae Johnson,Toledo,https://upload.wikimedia.org/wikipedia/commons/1/1c/Diontae_Johnson_2024.jpg
Christian Kirk,Texas A&M,https://upload.wikimedia.org/wikipedia/commons/7/75/Christian_Kirk_FanDuel_TV_FEB2023_%28cropped%29.png
Jerry Jeudy,Alabama,https://upload.wikimedia.org/wikipedia/commons/0/08/Jerry_Jeudy_2021_%2851651077754%29_%28cropped%29_2.jpg
Henry Ruggs III,Alabama,
Marquise Brown,Oklahoma,https://upload.wikimedia.org/wikipedia/commons/0/06/Marquise_Brown.jpg
Jalen Reagor,TCU,https://upload.wikimedia.org/wikipedia/commons/2/20/Antonio_Gibson_and_Jalen_Reagor_%28cropped%29.jpg
Laviska Shenault,Colorado,https://upload.wikimedia.org/wikipedia/commons/5/5c/Laviska_Shenault.png
Calvin Ridley,Alabama,https://upload.wikimedia.org/wikipedia/commons/1/16/Calvin_Ridley_Titans_Media_Availability_Day_%28cropped%29.png
DJ Chark,LSU,
Corey Davis,Western Michigan,
John Ross,Washington,
Curtis Samuel,Ohio State,https://upload.wikimedia.org/wikipedia/commons/9/9e/Curtis_Samuel_Commanders_vs_Cowboys_OCT2022_%28cropped%29.jpg
Zay Jones,East Carolina,https://upload.wikimedia.org/wikipedia/commons/3/3e/Zay_Jones.JPG
Kenny Golladay,Northern Illinois,https://upload.wikimedia.org/wikipedia/commons/3/31/Kenny_Golladay_2022.jpg
Marquez Valdes-Scantling,South Florida,https://upload.wikimedia.org/wikipedia/commons/4/4b/Marquez_Valdes-Scantling_83_Packers_training_camp_2019.jpg
Robert Woods,USC,
Jarvis Landry,LSU,https://upload.wikimedia.org/wikipedia/commons/f/f9/Jarvis_Landry_Browns_OCT2021_%28cropped%29.jpg
Brandin Cooks,Oregon State,https://upload.wikimedia.org/wikipedia/commons/1/1f/Brandin_Cooks_LA_RAMS_%2849133462747%29.jpg
Sammy Watkins,Clemson,https://upload.wikimedia.org/wikipedia/commons/5/59/Sammy_Watkins_vs_Redskins_2015.jpg
Kelvin Benjamin,Florida State,https://upload.wikimedia.org/wikipedia/commons/5/59/Kelvin_benjamin_2014.jpg
Marqise Lee,USC,https://upload.wikimedia.org/wikipedia/commons/e/eb/Marqise_Lee_vs._Ravens_2014.jpg
Cordarrelle Patterson,Tennessee,https://upload.wikimedia.org/wikipedia/commons/c/c9/Cordarrelle_Patterson_Falcons_2021.jpg
DeAndre Hopkins,Clemson,https://upload.wikimedia.org/wikipedia/commons/0/05/DeAndre_Hopkins_2020.jpg
Keenan Allen,California,https://upload.wikimedia.org/wikipedia/commons/a/a5/Keenan_Allen_-_2025_Commanders_at_Chargers_%28cropped%29.jpg
Michael Crabtree,Texas Tech,https://upload.wikimedia.org/wikipedia/commons/b/ba/Michael_Crabtree_-_San_Francisco_vs_Green_Bay_2012.jpg
Golden Tate,Notre Dame,https://upload.wikimedia.org/wikipedia/commons/b/ba/Golden_Tate_%28cropped%29.jpg
Pierre Garcon,Mount Union,
Eric Decker,Minnesota,https://upload.wikimedia.org/wikipedia/commons/6/6a/Eric_Decker_2016_%281%29.jpg
Demaryius Thomas,Georgia Tech,https://upload.wikimedia.org/wikipedia/commons/c/cb/Demaryius_Thomas_2018_%28cropped%29.jpg
Dez Bryant,Oklahoma State,https://upload.wikimedia.org/wikipedia/commons/1/1f/Dez_Bryant_2015.jpg
Hakeem Nicks,North Carolina,https://upload.wikimedia.org/wikipedia/commons/9/9a/Hakeem_Nicks.JPG
Percy Harvin,Florida,https://upload.wikimedia.org/wikipedia/commons/e/ec/Percy_Harvin_vs._Redskins_2014_Cropped.jpg
DeSean Jackson,California,https://upload.wikimedia.org/wikipedia/commons/9/93/Desean_Jackson_%28cropped%29.jpg
Jordy Nelson,Kansas State,https://upload.wikimedia.org/wikipedia/commons/d/de/Jordy_Nelson_%28cropped%29.jpg
Steve Smith Sr.,Utah,https://upload.wikimedia.org/wikipedia/commons/c/c4/Steve_Smith_Sr._2015_%28cropped%29.jpg
Roddy White,UAB,https://upload.wikimedia.org/wikipedia/commons/f/f4/Roddy_White_2013.jpg
Andre Johnson,Miami,https://upload.wikimedia.org/wikipedia/commons/e/ee/Andre_Johnson_2010.jpg
Reggie Wayne,Miami,https://upload.wikimedia.org/wikipedia/commons/9/9b/Reggie_Wayne_by_Gage_Skidmore.jpg
Torry Holt,NC State,https://upload.wikimedia.org/wikipedia/commons/9/9b/Torry-Holt-Rams-vs-Jets-Nov-9-08.jpg
Marvin Harrison,Syracuse,https://upload.wikimedia.org/wikipedia/commons/e/ed/Marvin_Harrison_2022.jpg
Chad Johnson,Oregon State,https://upload.wikimedia.org/wikipedia/commons/1/1a/ChadJohnson.jpg
Terrell Owens,Tennessee-Chattanooga,https://upload.wikimedia.org/wikipedia/commons/e/e3/Terrell_Owens_2017-05-02_%2834255853692%29_%28cropped%29.jpg
Anquan Boldin,Florida State,https://upload.wikimedia.org/wikipedia/commons/b/ba/Anquan_boldin_superbowl_victory.jpg
Hines Ward,Georgia,https://upload.wikimedia.org/wikipedia/commons/f/fd/HINESWARD2019.jpg
Wes Welker,Texas Tech,https://upload.wikimedia.org/wikipedia/commons/b/bd/WesWelkerBroncos.jpg
Brandon Marshall,Central Florida,https://upload.wikimedia.org/wikipedia/commons/c/c0/Miami_Dolphins_wide_receiver_Brandon_Marshall_practices_during_pregame_warm_up_for_the_National_Football_League%27s_2012_Pro_Bowl_game_at_Aloha_Stadium_in_Honolulu_Jan_120129-M-DX861-041.jpg
Steve Breaston,Michigan,https://upload.wikimedia.org/wikipedia/commons/b/b1/Steve_Breaston_9-7-08.jpg
Sam LaPorta,Iowa,https://upload.wikimedia.org/wikipedia/commons/4/47/SamLaPorta.jpg
Dalton Kincaid,Utah,
Michael Mayer,Notre Dame,
Luke Musgrave,Oregon State,https://upload.wikimedia.org/wikipedia/commons/d/d6/Luke_Musgrave.png
Kyle Pitts,Florida,https://upload.wikimedia.org/wikipedia/commons/c/ce/Kyle_Pitts_Atlanta_Falcons_West_Point_Visit_52306771409_%28cropped%29.jpg
Pat Freiermuth,Penn State,https://upload.wikimedia.org/wikipedia/commons/6/6e/PatFreiermuth2025.jpg
Dallas Goedert,South Dakota State,https://upload.wikimedia.org/wikipedia/commons/5/52/Dallas_Goedert_%2852510560186%29_%28cropped%29.jpg
Evan Engram,Ole Miss,https://upload.wikimedia.org/wikipedia/commons/3/3c/Evan_Engram_Commanders_vs_Jaguars_SEP2022_%28cropped%29.jpg
David Njoku,Miami,https://upload.wikimedia.org/wikipedia/commons/8/81/David_Njoku_Browns_vs_Steelers_OCT2021_-_51653877071.jpg
Hunter Henry,Arkansas,https://upload.wikimedia.org/wikipedia/commons/b/b5/Hunter_Henry.jpg
Austin Hooper,Stanford,https://upload.wikimedia.org/wikipedia/commons/f/f2/Austin_Hooper_Browns_OCT2021_%28cropped%29.jpg
Hayden Hurst,South Carolina,https://upload.wikimedia.org/wikipedia/commons/a/a2/Hayden_Hurst_Falcons_promo_2021.png
Mike Gesicki,Penn State,https://upload.wikimedia.org/wikipedia/commons/3/35/Mike_Gesicki_Dolphins-Falcons.png
Noah Fant,Iowa,https://upload.wikimedia.org/wikipedia/commons/c/c9/Noah_Fant.JPG
Irv Smith Jr.,Alabama,https://upload.wikimedia.org/wikipedia/commons/7/73/Irv_Smith_Landry_Charity_Softball_Game_%28cropped%29.jpg
Dawson Knox,Ole Miss,https://upload.wikimedia.org/wikipedia/commons/f/ff/Dawson_Knox_2022_%28cropped%29.jpg
Gerald Everett,South Alabama,https://upload.wikimedia.org/wikipedia/commons/9/95/Gerald_Everett.JPG
O.J. Howard,Alabama,
Jake Butt,Michigan,https://upload.wikimedia.org/wikipedia/commons/4/48/Jake_Butt_2022_%28cropped%29.jpg
Eric Ebron,North Carolina,https://upload.wikimedia.org/wikipedia/commons/4/4c/WAS_at_PIT_Photo_101_%2850696372197%29_%28cropped%29.jpg
Tyler Eifert,Notre Dame,https://upload.wikimedia.org/wikipedia/commons/f/fd/TylerEifert.jpg
Jared Cook,South Carolina,https://upload.wikimedia.org/wikipedia/commons/4/44/Jared_Cook.jpg
Zach Ertz,Stanford,https://upload.wikimedia.org/wikipedia/commons/e/e1/Zach_Ertz_-_Raiders_at_Commanders_2025_%28cropped%29.jpg
Delanie Walker,Central Missouri,https://upload.wikimedia.org/wikipedia/commons/d/d3/Delanie_Walker_2018_08-09.jpg
Jordan Reed,Florida,https://upload.wikimedia.org/wikipedia/commons/e/e8/Jordan_reed_2016.jpg
Julius Thomas,Portland State,https://upload.wikimedia.org/wikipedia/commons/e/e9/Julius_Thomas.JPG
Martellus Bennett,Texas A&M,https://upload.wikimedia.org/wikipedia/commons/8/8c/Martellus_Bennett.JPG
Greg Olsen,Miami,
Vernon Davis,Maryland,https://upload.wikimedia.org/wikipedia/commons/1/18/Vernon_Davis_2018_%28cropped%29.jpg
Jermichael Finley,Texas,https://upload.wikimedia.org/wikipedia/commons/3/33/Jermichael_Finley_in_2012.jpg
Kellen Winslow Jr.,Miami,
Heath Miller,Virginia,https://upload.wikimedia.org/wikipedia/commons/5/5a/Heath_Miller_in_2012.jpg
Jeremy Shockey,Miami,https://upload.wikimedia.org/wikipedia/commons/b/b6/Jeremy_Shockey.jpg
Alge Crumpler,North Carolina,https://upload.wikimedia.org/wikipedia/commons/c/cd/Alge_Crumpler.jpg
Todd Heap,Arizona State,https://upload.wikimedia.org/wikipedia/commons/9/98/Todd_Heap_2006-11-05.jpg
Tony Gonzalez,California,https://upload.wikimedia.org/wikipedia/commons/3/38/Tony_Gonzalez_Thursday_Night_Football_DEC2023_%28cropped%29.jpg
Quenton Nelson,Notre Dame,https://upload.wikimedia.org/wikipedia/commons/a/a4/Quenton_Nelson.png
Rashawn Slater,Northwestern,https://upload.wikimedia.org/wikipedia/commons/2/2b/Rashawn_Slater_%2851509104406%29_%28cropped%29.jpg
Penei Sewell,Oregon,https://upload.wikimedia.org/wikipedia/commons/9/9d/Penei_Sewell_%2852480402764%29_%28cropped%29.jpg
Tristan Wirfs,Iowa,https://upload.wikimedia.org/wikipedia/commons/e/ea/Tristan_Wirfs_%2850832403298%29_%28cropped%29.jpg
Laremy Tunsil,Ole Miss,https://upload.wikimedia.org/wikipedia/commons/e/e6/Laremy_Tunsil_-_2025_Commanders_at_Packers_%28cropped%29.jpg
Ronnie Stanley,Notre Dame,https://upload.wikimedia.org/wikipedia/commons/4/41/Ronnie_Stanley_Ravens_Training_Camp_AUG2023_%28cropped%29.jpg
Taylor Lewan,Michigan,https://upload.wikimedia.org/wikipedia/commons/9/91/Taylor_Lewan_2021_09-19.jpg
Lane Johnson,Oklahoma,https://upload.wikimedia.org/wikipedia/commons/b/b3/Lane_Johnson_Training_Camp_2025_%28cropped%29.jpg
Zack Martin,Notre Dame,https://upload.wikimedia.org/wikipedia/commons/e/ef/Zack_Martin.JPG
Tyron Smith,USC,https://upload.wikimedia.org/wikipedia/commons/4/43/Tyron_Smith_2017.jpg
Trent Williams,Oklahoma,https://upload.wikimedia.org/wikipedia/commons/c/c6/Trent_williams_2014.jpg
Joe Thomas,Wisconsin,
Andrew Whitworth,LSU,https://upload.wikimedia.org/wikipedia/commons/9/9c/Andrew_Whitworth_Thursday_Night_Football_DEC2023_%28cropped%29.jpg
Logan Mankins,Fresno State,https://upload.wikimedia.org/wikipedia/commons/b/b0/Logan_Mankins.jpg
Steve Hutchinson,Michigan,
Alan Faneca,LSU,https://upload.wikimedia.org/wikipedia/commons/e/e3/Alan_Faneca_throwback.jpg
Larry Allen,Sonoma State,https://upload.wikimedia.org/wikipedia/commons/8/80/Larry_Allen_in_2007.jpg
Jonathan Ogden,UCLA,https://upload.wikimedia.org/wikipedia/commons/f/f8/Jonathan_Ogden_Headshot.jpg
Orlando Pace,Ohio State,https://upload.wikimedia.org/wikipedia/commons/0/01/NFL_Hall_of_Famers_visit_Osan_180908-F-IH072-1006_%28cropped%29.jpg
Willie Roaf,Louisiana Tech,https://upload.wikimedia.org/wikipedia/commons/a/a3/Willie_Roaf_at_Camp_Basra_2-3-09.JPG
Maxx Crosby,Eastern Michigan,https://upload.wikimedia.org/wikipedia/commons/8/87/Maxx_Crosby_2025.jpg
Rashan Gary,Michigan,https://upload.wikimedia.org/wikipedia/commons/b/bc/Rashan_Gary_Packers_2025.jpg
Quinnen Williams,Alabama,https://upload.wikimedia.org/wikipedia/commons/a/a9/Quinnen_Williams_New_York_Jets_NOV2023_%28cropped%29.jpg
Ed Oliver,Houston,
Dexter Lawrence,Clemson,https://upload.wikimedia.org/wikipedia/commons/5/5e/Dexter_Lawrence_2019.jpg
Javon Hargrave,South Carolina State,https://upload.wikimedia.org/wikipedia/commons/6/6c/Javon_Hargrave%2C_2020.jpg
Chris Jones,Mississippi State,
Grady Jarrett,Clemson,https://upload.wikimedia.org/wikipedia/commons/5/53/Grady_Jarrett_2019_%28cropped%29.jpg
DeForest Buckner,Oregon,https://upload.wikimedia.org/wikipedia/commons/a/a2/DeForest_Buckner.JPG
Aaron Donald,Pittsburgh,https://upload.wikimedia.org/wikipedia/commons/6/68/Aaron_Donald_2020_%28cropped%29.jpg
Fletcher Cox,Mississippi State,https://upload.wikimedia.org/wikipedia/commons/2/29/Fletcher_Cox.JPG
Ndamukong Suh,Nebraska,https://upload.wikimedia.org/wikipedia/commons/f/f4/Third_Photos_116_%2850832400503%29_%28cropped%29.jpg
Geno Atkins,Georgia,https://upload.wikimedia.org/wikipedia/commons/8/82/Geno_Atkins_2015.JPG
Marcell Dareus,Alabama,https://upload.wikimedia.org/wikipedia/commons/8/88/Marcell_Dareus_2014.JPG
Akiem Hicks,Regina,https://upload.wikimedia.org/wikipedia/commons/8/88/Akiem_Hicks_2019.JPG
Calais Campbell,Miami,https://upload.wikimedia.org/wikipedia/commons/a/ad/Atlanta_Falcons_Calais_Campbell_MAY2023_Practice_%28cropped%29.png
Cameron Jordan,California,https://upload.wikimedia.org/wikipedia/commons/a/a5/Cameron_Jordan.JPG
Justin Tuck,Notre Dame,https://upload.wikimedia.org/wikipedia/commons/7/7d/Justin_Tuck_2015.jpg
Julius Peppers,North Carolina,https://upload.wikimedia.org/wikipedia/commons/6/60/Julius_Peppers_%28cropped%29.JPG
Dwight Freeney,Syracuse,https://upload.wikimedia.org/wikipedia/commons/2/23/Dwight_Freeney.JPG
Robert Mathis,Alabama A&M,https://upload.wikimedia.org/wikipedia/commons/1/1e/Robert_Mathis_2016.JPG
John Abraham,South Carolina,https://upload.wikimedia.org/wikipedia/commons/e/e0/JohnAbraham.jpg
Osi Umenyiora,Troy,https://upload.wikimedia.org/wikipedia/commons/7/71/Osi_Umenyiora.jpg
Jared Allen,Idaho State,https://upload.wikimedia.org/wikipedia/commons/b/be/Jared_Allen_2009.JPG
DeMarcus Ware,Troy,https://upload.wikimedia.org/wikipedia/commons/1/18/DeMarcus_Ware.JPG
Terrell Suggs,Arizona State,https://upload.wikimedia.org/wikipedia/commons/7/7f/Terrell_Suggs_2015.jpg
Cameron Wake,Penn State,https://upload.wikimedia.org/wikipedia/commons/d/d7/Cameron_Wake_2014.JPG
Michael Bennett,Texas A&M,
Everson Griffen,USC,https://upload.wikimedia.org/wikipedia/commons/8/8a/Cowboys_DE_Everson_Griffen.jpg
Muhammad Wilkerson,Temple,https://upload.wikimedia.org/wikipedia/commons/c/c9/INDvsWAS_%2850120762478%29.jpg
Roquan Smith,Georgia,https://upload.wikimedia.org/wikipedia/commons/d/d0/Roquan_Smith_visits_Kadena_%284%29_%28cropped%29.jpg
Fred Warner,BYU,
Darius Leonard,South Carolina State,
Bobby Wagner,Utah State,https://upload.wikimedia.org/wikipedia/commons/0/0f/Bobby_Wagner_-_2025_Commanders_at_Chargers_%28cropped%29.jpg
Devin White,LSU,https://upload.wikimedia.org/wikipedia/commons/1/17/Devin_White_2021_%28cropped%29.jpg
Tremaine Edmunds,Virginia Tech,https://upload.wikimedia.org/wikipedia/commons/b/b7/Tremaine_Edmunds_88_%28cropped%29.jpg
Leighton Vander Esch,Boise State,https://upload.wikimedia.org/wikipedia/commons/8/8a/Cowboys_LB_Leighton_Vander_Esch_%2850530977611%29.jpg
Devin Bush,Michigan,
Matt Milano,Boston College,https://upload.wikimedia.org/wikipedia/commons/d/dc/Matt_Milano_Cropped.jpg
Lavonte David,Nebraska,https://upload.wikimedia.org/wikipedia/commons/f/f0/Lavonte_David.JPG
C.J. Mosley,Alabama,
Dont'a Hightower,Alabama,https://upload.wikimedia.org/wikipedia/commons/7/7f/Dont%27a_Hightower_Patriots.jpg
Telvin Smith,Florida State,https://upload.wikimedia.org/wikipedia/commons/c/cc/Telvin_Smith.png
Navorro Bowman,Penn State,
NaVorro Bowman,Penn State,https://upload.wikimedia.org/wikipedia/commons/3/3f/NaVorro_Bowman_by_Gage_Skidmore.jpg
Clay Matthews,USC,
James Harrison,Kent State,
Brian Urlacher,New Mexico,https://upload.wikimedia.org/wikipedia/commons/3/31/Brian_Urlacher_%2815795829749%29_%281%29.jpg
Patrick Willis,Ole Miss,https://upload.wikimedia.org/wikipedia/commons/b/b9/Patrick_Willis_in_2012.jpg
Brian Cushing,USC,https://upload.wikimedia.org/wikipedia/commons/2/25/Brian_Cushing_2014.JPG
Sean Lee,Penn State,https://upload.wikimedia.org/wikipedia/commons/d/d2/Sean_lee_2015.jpg
Derrick Johnson,Texas,https://upload.wikimedia.org/wikipedia/commons/7/7e/Derrick_Johnson_2016_Pro_Bowl.jpg
Karlos Dansby,Auburn,https://upload.wikimedia.org/wikipedia/commons/e/e6/Karlos_Dansby.JPG
Keith Brooking,Georgia Tech,https://upload.wikimedia.org/wikipedia/commons/8/8f/Keith_Brooking_2012.JPG
Zach Thomas,Texas Tech,https://upload.wikimedia.org/wikipedia/commons/e/e9/Zach_Thomas.jpg
London Fletcher,John Carroll,https://upload.wikimedia.org/wikipedia/commons/1/13/London_Fletcher_2022_%28cropped%29.jpg
Tedy Bruschi,Arizona,https://upload.wikimedia.org/wikipedia/commons/6/6d/Tedy_Bruschi_2010.jpg
Joey Porter,Colorado State,https://upload.wikimedia.org/wikipedia/commons/0/0a/Joey_Porter_Steelers_2006.jpg
Sauce Gardner,Cincinnati,https://upload.wikimedia.org/wikipedia/commons/8/88/2025_NYJ_Media_Day_Sauce_Gardner_%28cropped%29.png
Patrick Surtain II,Alabama,https://upload.wikimedia.org/wikipedia/commons/e/e8/Patrick_Surtain_2021_%2851650411936%29_%28cropped%29.jpg
Trent McDuffie,Washington,https://upload.wikimedia.org/wikipedia/commons/7/74/Big_Red_One_Attends_Kansas_City_Chiefs_Training_Camp_%287983487%29_%28cropped%29.jpg
Derek Stingley Jr.,LSU,https://upload.wikimedia.org/wikipedia/commons/e/ec/Derek_Stingley_Jr._LSUvsNWLA_1043A_%2849105656226%29_%28cropped%29.jpg
Jaycee Horn,South Carolina,https://upload.wikimedia.org/wikipedia/commons/1/18/Jaycee_Horn.jpg
Caleb Farley,Virginia Tech,https://upload.wikimedia.org/wikipedia/commons/8/80/Caleb_Farley_2021.jpg
Jaylon Johnson,Utah,https://upload.wikimedia.org/wikipedia/commons/5/5c/Jaylon_johnson_at_49ers.jpg
Jeff Okudah,Ohio State,https://upload.wikimedia.org/wikipedia/commons/7/70/Jeff_Okudah_2022.jpg
C.J. Henderson,Florida,
Kristian Fulton,LSU,https://upload.wikimedia.org/wikipedia/commons/f/fb/Kristian_Fulton_2021_09-19.jpg
Denzel Ward,Ohio State,https://upload.wikimedia.org/wikipedia/commons/1/16/Denzel_Ward_at_Charity_Softball_Game_2025_%28cropped%29.jpg
Marlon Humphrey,Alabama,https://upload.wikimedia.org/wikipedia/commons/c/c3/Marlon_Humphrey_Ravens_Training_Camp_AUG2023_%28cropped%29.jpg
Tre'Davious White,LSU,https://upload.wikimedia.org/wikipedia/commons/d/de/Tre%27Davious_White.jpg
Jalen Johnson,Washington,https://upload.wikimedia.org/wikipedia/commons/7/70/JalenJohnsonNicoletHighFeb2019.jpg
Kevin King,Washington,
Adoree' Jackson,USC,https://upload.wikimedia.org/wikipedia/commons/9/93/Adoree%E2%80%99_Jackson_2018_08-09.jpg
Gareon Conley,Ohio State,https://upload.wikimedia.org/wikipedia/commons/2/26/Gareon_Conley.png
Marcus Peters,Washington,https://upload.wikimedia.org/wikipedia/commons/a/a2/Marcus_Peters.jpg
Byron Jones,Connecticut,
Trae Waynes,Michigan State,https://upload.wikimedia.org/wikipedia/commons/4/41/Trae_Waynes.JPG
Kyle Fuller,Virginia Tech,https://upload.wikimedia.org/wikipedia/commons/a/a2/Kyle_Fuller_In_2019.jpg
Justin Gilbert,Oklahoma State,https://upload.wikimedia.org/wikipedia/commons/5/53/Justin_Gilbert_2014_Browns_training_camp_%283%29.jpg
Dee Milliner,Alabama,https://upload.wikimedia.org/wikipedia/commons/2/20/DeMarcus_Milliner_at_Alabama.jpg
Stephon Gilmore,South Carolina,https://upload.wikimedia.org/wikipedia/commons/f/f2/Stephon_Gilmore_WFT-Panthers_NOV2021_%28cropped%29.jpg
Darius Slay,Mississippi State,https://upload.wikimedia.org/wikipedia/commons/c/c0/Darius_Slay_On_January_1_2017_%28cropped%29.jpg
Xavien Howard,Baylor,https://upload.wikimedia.org/wikipedia/commons/0/07/Xavien_Howard_at_2022_Pro_Bowl.png
James Bradberry,Samford,https://upload.wikimedia.org/wikipedia/commons/d/d9/James_Bradberry_Giants_SEPT2021_%28cropped%29.jpg
A.J. Terrell,Clemson,
Carlton Davis,Auburn,https://upload.wikimedia.org/wikipedia/commons/1/19/Carlton_Davis_%2850833222407%29_%28cropped%29.jpg
Asante Samuel,UCF,https://upload.wikimedia.org/wikipedia/commons/d/d1/Asante-Samuel-2008-Camp-Military-Appreciation.jpg
Nnamdi Asomugha,California,https://upload.wikimedia.org/wikipedia/commons/f/fb/Nnamdi_Asomugha_in_2009.jpg
Champ Bailey,Georgia,https://upload.wikimedia.org/wikipedia/commons/a/ae/Champ_Bailey_2010.JPG
Charles Woodson,Michigan,https://upload.wikimedia.org/wikipedia/commons/6/63/Charles_Woodson_2014_2.JPG
Ty Law,Michigan,https://upload.wikimedia.org/wikipedia/commons/b/b0/Ty_Law.JPG
Darrell Green,Texas A&I,https://upload.wikimedia.org/wikipedia/commons/a/a1/Darrell_Green_49ers_at_Redskins_2019_%2848933295231%29_%28cropped%29.jpg
Deion Sanders,Florida State,https://upload.wikimedia.org/wikipedia/commons/9/9f/Deion_Sanders_%288216060%29_%28cropped%29.jpg
Ronde Barber,Virginia,https://upload.wikimedia.org/wikipedia/commons/e/ea/Ronde_Barber.JPG
Brian Dawkins,Clemson,https://upload.wikimedia.org/wikipedia/commons/8/88/Brian_Dawkins_Philly_HOF_%28cropped%29.jpg
Ed Reed,Miami,https://upload.wikimedia.org/wikipedia/commons/b/bb/Ed_Reed_by_Gage_Skidmore.jpg
Troy Polamalu,USC,https://upload.wikimedia.org/wikipedia/commons/2/28/Troy_Polamalu_2013_%28cropped%29.jpg
Earl Thomas,Texas,https://upload.wikimedia.org/wikipedia/commons/5/5f/Earl_Thomas_vs._Redskins_2014_Cropped.jpg
Kam Chancellor,Virginia Tech,https://upload.wikimedia.org/wikipedia/commons/9/99/Kam_Chancellor_2014_2.jpg
Eric Berry,Tennessee,https://upload.wikimedia.org/wikipedia/commons/2/24/Eric_Berry.JPG
Malcolm Jenkins,Ohio State,https://upload.wikimedia.org/wikipedia/commons/b/bd/Malcolm_Jenkins_2014.jpg
Tyrann Mathieu,LSU,https://upload.wikimedia.org/wikipedia/commons/0/04/Tyrann_Mathieu_Chiefs_OCT2021_%28cropped%29.jpg
Landon Collins,Alabama,https://upload.wikimedia.org/wikipedia/commons/b/bb/Landon_Collins_2021.jpg
Jamal Adams,LSU,https://upload.wikimedia.org/wikipedia/commons/d/d1/2025_Raiders_at_Commanders_Jamal_Adams_%28cropped%29.jpg
Eddie Jackson,Alabama,
Kevin Byard,Middle Tennessee State,https://upload.wikimedia.org/wikipedia/commons/e/e1/Kevin_Byard.jpg
Harrison Smith,Notre Dame,https://upload.wikimedia.org/wikipedia/commons/7/7d/Harrison_Smith_%28American_football%29.JPG
Budda Baker,Washington,https://upload.wikimedia.org/wikipedia/commons/5/55/Budda_Baker_on_FanDuel_TV_FEB2023_%28cropped%29.png
Jessie Bates III,Wake Forest,
Antoine Winfield Jr.,Minnesota,https://upload.wikimedia.org/wikipedia/commons/4/45/Antoine_Winfield_Jr_WFT-Buccaneers_NOV2021_%28cropped%29.jpg
Justin Simmons,Boston College,
Kyle Hamilton,Notre Dame,https://upload.wikimedia.org/wikipedia/commons/3/30/Kyle_Hamilton_%2853880437431%29.jpg
Jaquan Brisker,Penn State,https://upload.wikimedia.org/wikipedia/commons/f/fb/Jaquan_Brisker.png
Justin Tucker,Texas,https://upload.wikimedia.org/wikipedia/commons/1/18/Justin_Tucker_JUL2024_%2853880733153%29.jpg
Harrison Butker,Georgia Tech,https://upload.wikimedia.org/wikipedia/commons/5/52/Harrison_Butker_in_2025_%28cropped%29.jpg
Jason Myers,Marist,https://upload.wikimedia.org/wikipedia/commons/c/cc/Jason_Myers_10_22_2023.jpg
Wil Lutz,Georgia State,https://upload.wikimedia.org/wikipedia/commons/c/c4/Wil_Lutz.png
Jake Elliott,Memphis,https://upload.wikimedia.org/wikipedia/commons/5/57/Jake_Elliott_-_April_2025_Philadelphia_Eagles_Visit_ANC_%28cropped%29.jpg
Greg Zuerlein,Missouri Western,https://upload.wikimedia.org/wikipedia/commons/6/66/Cowboys_K_Greg_Zuerlein_%2850530256403%29.jpg
Matt Prater,Central Florida,https://upload.wikimedia.org/wikipedia/commons/3/38/Matt_Prater_2012.JPG
Adam Vinatieri,South Dakota State,https://upload.wikimedia.org/wikipedia/commons/d/dd/Rigoberto_Sanchez%2C_Adam_Vinatieri_%2844679700592%29_%28cropped%29.jpg
Stephen Gostkowski,Memphis,https://upload.wikimedia.org/wikipedia/commons/a/a1/Stephen_Gostkowski_9_27_2020.jpg
Mason Crosby,Colorado,https://upload.wikimedia.org/wikipedia/commons/0/02/Mason_crosby_2010.jpg
Dan Bailey,Oklahoma State,
Robbie Gould,Penn State,https://upload.wikimedia.org/wikipedia/commons/8/89/Robbie_Gould_2017.jpg
Sebastian Janikowski,Florida State,https://upload.wikimedia.org/wikipedia/commons/d/d4/Sebastian_Janikowski.JPG
Phil Dawson,Texas,https://upload.wikimedia.org/wikipedia/commons/b/b0/Phil_Dawson_2012.jpg
Matt Bryant,Baylor,https://upload.wikimedia.org/wikipedia/commons/9/91/Matt_Bryant_2013.jpg
Josh Scobee,Louisiana Tech,https://upload.wikimedia.org/wikipedia/commons/5/53/Josh_Scobee_%28cropped%29.jpg
Bryan Anger,California,https://upload.wikimedia.org/wikipedia/commons/f/f0/Bryan_Anger_%283x4_cropped%29.jpg
Thomas Morstead,SMU,https://upload.wikimedia.org/wikipedia/commons/1/18/Thomas_Morstead.JPG
Johnny Hekker,Oregon State,https://upload.wikimedia.org/wikipedia/commons/a/a0/Johnny_Hekker_10_11_2025.jpg
Brett Kern,Toledo,https://upload.wikimedia.org/wikipedia/commons/0/0f/Brett_Kern_12_30_2023.jpg
Sam Martin,Appalachian State,
Michael Dickson,Texas,
Jake Bailey,Stanford,
Logan Cooke,Mississippi State,https://upload.wikimedia.org/wikipedia/commons/0/0b/Logan_Cooke_Jaguars_2021.png
A.J. Cole,NC State,
Shane Lechler,Texas A&M,https://upload.wikimedia.org/wikipedia/commons/5/51/Shane_Lechler_2016.JPG
Andy Lee,Pittsburgh,
Marquette King,Fort Valley State,https://upload.wikimedia.org/wikipedia/commons/d/de/Marquette_King_%288357026%29_%28cropped%29.jpg
Kirk Cousins,Michigan State,https://upload.wikimedia.org/wikipedia/commons/f/fa/Cousins_2022.jpg
Ryan Tannehill,Texas A&M,https://upload.wikimedia.org/wikipedia/commons/2/25/Ryan_Tannehill_2021_09-19.jpg
Jimmy Garoppolo,Eastern Illinois,https://upload.wikimedia.org/wikipedia/commons/8/83/Raiders_QB_visits_Nellis_Airmen_%281%29_%28cropped%29.jpg
Matthew Stafford,Georgia,https://upload.wikimedia.org/wikipedia/commons/5/53/Stafford_6_731_%28cropped3%29.jpg
Matt Ryan,Boston College,
Philip Rivers,NC State,https://upload.wikimedia.org/wikipedia/commons/3/3d/Philip_Rivers_Indianapolis_Colts_Helmet.jpg
Ben Roethlisberger,Miami (OH),https://upload.wikimedia.org/wikipedia/commons/9/96/Ben_Roethlisberger_%2851654680119%29_%28cropped%29.jpg
Cam Newton,Auburn,https://upload.wikimedia.org/wikipedia/commons/8/87/Cam_Newton_2021_WFT_vs_CAR_%28cropped%29.jpg
Andrew Luck,Stanford,https://upload.wikimedia.org/wikipedia/commons/8/80/Andrew_Luck_vs._Redskins_2018.jpg
Carson Palmer,USC,https://upload.wikimedia.org/wikipedia/commons/7/7f/Carson_Palmer_2015.JPG
Isiah Pacheco,Rutgers,https://upload.wikimedia.org/wikipedia/commons/e/ec/POPCC_%28cropped%29.png
Rachaad White,Arizona State,https://upload.wikimedia.org/wikipedia/commons/1/1b/Buccaneers_RB_Rachaad_White_-_Front_Office_Sports_Interview.png
Tyler Allgeier,BYU,https://upload.wikimedia.org/wikipedia/commons/1/16/Tyler_Allgeier.png
Dameon Pierce,Florida,https://upload.wikimedia.org/wikipedia/commons/e/ea/Dameon_Pierce_%28cropped%29.jpg
James Cook,Georgia,https://upload.wikimedia.org/wikipedia/commons/7/76/Captainjamescookportrait.jpg
Jerome Ford,Cincinnati,https://upload.wikimedia.org/wikipedia/commons/9/9b/Jerome_Ford_%2852340583231%29_%28cropped%29.jpg
Zamir White,Georgia,https://upload.wikimedia.org/wikipedia/commons/9/99/Zamir_White.jpg
Pierre Strong Jr.,South Dakota State,
Kyren Williams,Notre Dame,https://upload.wikimedia.org/wikipedia/commons/8/8c/2025_FanDuel_Super_Bowl_LIX_Winner_Poll_-_Kyren_Williams_%28cropped%29.png
Tyjae Spears,Tulane,https://upload.wikimedia.org/wikipedia/commons/2/26/2024_GB_vs_TEN_Tyjae_Spears_%28cropped%29.png
Roschon Johnson,Texas,
Tank Bigsby,Auburn,https://upload.wikimedia.org/wikipedia/commons/f/f2/Tank_Bigsby_interview.png
Zach Charbonnet,UCLA,https://upload.wikimedia.org/wikipedia/commons/a/af/Zach_Charbonnet_2019.09.07_%2848870334696%29_%28cropped%29.jpg
Devon Achane,Texas A&M,
De'Von Achane,Texas A&M,https://upload.wikimedia.org/wikipedia/commons/0/0a/2024_FanDuel_Interview_De%27Von_Achane_%28cropped%29.png
Kendre Miller,TCU,https://upload.wikimedia.org/wikipedia/commons/6/61/Saints_vs._Bills_September_28%2C_2025.png
Keaton Mitchell,East Carolina,
Puka Nacua,BYU,https://upload.wikimedia.org/wikipedia/commons/c/c8/Puka_Nacua_FanDuel_Interview_%28cropped%29.png
Jordan Addison,USC,
Rashee Rice,SMU,https://upload.wikimedia.org/wikipedia/commons/5/5d/2024_ATL_vs_KC_Pregame_Rashee_Rice_%28cropped%29.png
Zay Flowers,Boston College,https://upload.wikimedia.org/wikipedia/commons/d/dd/Zay_Flowers_JUL2024_%2853880447586%29.jpg
Quentin Johnston,TCU,https://upload.wikimedia.org/wikipedia/commons/2/2c/2024_FanDuel_Interview_Quentin_Johnston_%28cropped%29.png
Jaxon Smith-Njigba,Ohio State,https://upload.wikimedia.org/wikipedia/commons/f/f3/Jaxon_Smith-Njigba_FanDuel_Interview_%28cropped%29.png
Tank Dell,Houston,https://upload.wikimedia.org/wikipedia/commons/d/d5/Tank_Dell_%28LLaeTUnN79o%29_%28cropped%29.png
Jalin Hyatt,Tennessee,https://upload.wikimedia.org/wikipedia/commons/4/4a/Jalin_Hyatt.jpg
Josh Downs,North Carolina,
Jonathan Mingo,Ole Miss,
Rashid Shaheed,Weber State,
Tyler Boyd,Pittsburgh,
Cooper DeJean,Iowa,https://upload.wikimedia.org/wikipedia/commons/1/11/Philadelphia_Eagles_Visit_ANC_Blankenship%2C_DeJean_%28cropped%29.jpg
Rome Odunze,Washington,https://upload.wikimedia.org/wikipedia/commons/d/d3/2024-0106-Rome_Odunze.jpg
Marvin Harrison Jr.,Ohio State,https://upload.wikimedia.org/wikipedia/commons/a/ae/Marvin_Harrison_Jr_2022_no_helmet_%28cropped%29.jpg
Malik Nabers,LSU,https://upload.wikimedia.org/wikipedia/commons/9/90/Malik_Nabers_Giants_week_1_2025.jpg
Keon Coleman,Florida State,https://upload.wikimedia.org/wikipedia/commons/3/34/Keon_Coleman_%28250321-A-GH690-3593%29_%28cropped%29.jpg
Xavier Worthy,Texas,https://upload.wikimedia.org/wikipedia/commons/d/d5/Xavier_Worthy_Chiefs_Training_Camp_2025_%28cropped%29.jpg
Ladd McConkey,Georgia,https://upload.wikimedia.org/wikipedia/commons/f/f6/Ladd_McConkey_2024.png
Adonai Mitchell,Texas,
Ricky Pearsall,Florida,https://upload.wikimedia.org/wikipedia/commons/8/8c/Ricky_Pearsall_Senior_Bowl.png
Brian Thomas Jr.,LSU,https://upload.wikimedia.org/wikipedia/commons/3/35/Brian_Thomas_Jr_%28cropped%29.jpg
Brock Bowers,Georgia,https://upload.wikimedia.org/wikipedia/commons/9/93/Brock_Bowers_%282025%29.jpg
Trey McBride,Colorado State,https://upload.wikimedia.org/wikipedia/commons/0/05/2024_FanDuel_Interview_Trey_McBride_%28cropped%29.png
Cade Otton,Washington,https://upload.wikimedia.org/wikipedia/commons/d/d6/Cade_Otton_%2853988919941%29_%28cropped%29.jpg
Chigoziem Okonkwo,Maryland,https://upload.wikimedia.org/wikipedia/commons/9/98/Chigoziem_Okonkwo_Music_City_Football_Episode_2_%28cropped%29.png
Isaiah Likely,Coastal Carolina,
Daniel Bellinger,San Diego State,
Greg Dulcich,UCLA,
Cole Kmet,Notre Dame,https://upload.wikimedia.org/wikipedia/commons/7/76/Cole_Kmet_visits_KMC%2C_hosts_youth_football_camp_%28A-Roll%29.png
Albert Okwuegbunam,Missouri,
Harrison Bryant,Florida Atlantic,https://upload.wikimedia.org/wikipedia/commons/c/cc/Harrison_Bryant_%2851371897471%29.jpg
Adam Trautman,Dayton,https://upload.wikimedia.org/wikipedia/commons/9/90/Adam_Trautman_%2851583671965%29_%28cropped%29.jpg
Devin Asiasi,UCLA,https://upload.wikimedia.org/wikipedia/commons/3/3f/Devin_Asiasi.jpg
Josiah Deguara,Cincinnati,https://upload.wikimedia.org/wikipedia/commons/d/df/Josiah_Deguara_%2851630823632%29.jpg
Will Anderson Jr.,Alabama,https://upload.wikimedia.org/wikipedia/commons/b/b5/Will_Anderson_Jr._NFL_Combine_%28cropped%29.png
Jalen Carter,Georgia,https://upload.wikimedia.org/wikipedia/commons/f/f0/Jalen_Carter_030825.jpg
Tyree Wilson,Texas Tech,https://upload.wikimedia.org/wikipedia/commons/9/97/Tyree_Wilson_NFL_Combine_%28cropped%29.png
Lukas Van Ness,Iowa,https://upload.wikimedia.org/wikipedia/commons/f/f4/Lukas_Van_Ness_at_Fisher_House_%2854440447927_-2%29.jpg
Mazi Smith,Michigan,https://upload.wikimedia.org/wikipedia/commons/9/95/Mazi_Smith_U.S._Army_Soldiers_take_part_in_the_USAA_Salute_to_Service_Boot_Camp_%2812%29_%28cropped%29.jpg
Bryan Bresee,Clemson,https://upload.wikimedia.org/wikipedia/commons/7/7d/Bryan_Bresee_NFL_Combine_%28cropped%29.png
Aidan Hutchinson,Michigan,https://upload.wikimedia.org/wikipedia/commons/5/5f/Aidan_Hutchinson.jpg
Travon Walker,Georgia,https://upload.wikimedia.org/wikipedia/commons/f/f1/Travon_Walker_Commanders_vs_Jaguars_SEP2022_%28cropped%29.jpg
Kayvon Thibodeaux,Oregon,https://upload.wikimedia.org/wikipedia/commons/a/aa/Kayvon_Thibodeaux.png
George Karlaftis,Purdue,https://upload.wikimedia.org/wikipedia/commons/e/e3/George_Karlaftis.jpg
Jermaine Johnson,Florida State,
Drake Jackson,USC,https://upload.wikimedia.org/wikipedia/commons/3/38/Drake_Jackson.png
Arnold Ebiketie,Penn State,https://upload.wikimedia.org/wikipedia/commons/f/f4/Arnold_Ebiketie_interview.jpg
Boye Mafe,Minnesota,
David Ojabo,Michigan,https://upload.wikimedia.org/wikipedia/commons/d/db/David_Ojabo_2021.jpg
Christian Barmore,Alabama,
Payton Turner,Houston,https://upload.wikimedia.org/wikipedia/commons/7/75/Payton_Turner_2021_%28cropped%29.jpg
Kwity Paye,Michigan,https://upload.wikimedia.org/wikipedia/commons/5/5f/Kwity_Paye_2018.jpg
Gregory Rousseau,Miami,
Jayson Oweh,Penn State,
Zaven Collins,Tulsa,https://upload.wikimedia.org/wikipedia/commons/7/74/Zaven_Collins.png
Jaelan Phillips,Miami,https://upload.wikimedia.org/wikipedia/commons/1/11/Jaelan_Phillips_Dolphins-Falcons_OCT2021.png
Carlos Basham Jr.,Wake Forest,
Chase Young,Ohio State,https://upload.wikimedia.org/wikipedia/commons/6/6f/Chase_Young_%2851398863497%29_%28cropped%29.jpg
A.J. Epenesa,Iowa,
Yetur Gross-Matos,Penn State,https://upload.wikimedia.org/wikipedia/commons/1/1d/Yetur_Gross-Matos_%28cropped%29.jpg
Derrick Brown,Auburn,
Javon Kinlaw,South Carolina,https://upload.wikimedia.org/wikipedia/commons/e/ef/Javon_Kinlaw_%28cropped%29.jpg
Ross Blacklock,TCU,
Raekwon Davis,Alabama,https://upload.wikimedia.org/wikipedia/commons/c/c2/Raekwon_Davis.jpg
Neville Gallimore,Oklahoma,
Jordan Elliott,Missouri,https://upload.wikimedia.org/wikipedia/commons/9/95/Jordan_Elliott.jpg
Vita Vea,Washington,https://upload.wikimedia.org/wikipedia/commons/0/03/Vita_Vea_2021_%28cropped%29.jpg
Da'Ron Payne,Alabama,
Taven Bryan,Florida,
Maurice Hurst,Michigan,
Harrison Phillips,Stanford,https://upload.wikimedia.org/wikipedia/commons/9/94/Harrison_Phillips_%284886201%29_%28cropped%29.jpg
Malik McDowell,Michigan State,https://upload.wikimedia.org/wikipedia/commons/e/e7/Malik_McDowell_%2851654795074%29_%28cropped%29.jpg
Jonathan Allen,Alabama,https://upload.wikimedia.org/wikipedia/commons/a/a6/Washington_Commanders_Reveal_Jonathan_Allen_%28cropped%29.jpg
Solomon Thomas,Stanford,https://upload.wikimedia.org/wikipedia/commons/2/28/Solomon_Thomas.jpg
Malik Jackson,Tennessee,
Sheldon Richardson,Missouri,https://upload.wikimedia.org/wikipedia/commons/4/4d/Sheldon_Richardson_Browns_preseason_2019_%28cropped%29.jpg
Star Lotulelei,Utah,https://upload.wikimedia.org/wikipedia/commons/3/38/Saints_vs_Panthers_12.6.15_039.jpg
Dontari Poe,Memphis,https://upload.wikimedia.org/wikipedia/commons/3/32/Dontari_Poe_2014.JPG
Michael Brockers,LSU,https://upload.wikimedia.org/wikipedia/commons/3/3c/Michael_Brockers_Commanders_vs_Lions_2022_%28cropped%29.jpg
Nick Fairley,Auburn,https://upload.wikimedia.org/wikipedia/commons/b/ba/Nick_Fairley_2_%28cropped%29.jpg
Cameron Heyward,Ohio State,https://upload.wikimedia.org/wikipedia/commons/8/85/Cameron_Heyward_OCT2021_%28cropped%29.jpg
J.J. Watt,Wisconsin,
Chandler Jones,Syracuse,https://upload.wikimedia.org/wikipedia/commons/9/9a/Chandler_Jones.JPG
Olivier Vernon,Miami,https://upload.wikimedia.org/wikipedia/commons/f/fe/Olivier_Vernon.JPG
Robert Quinn,North Carolina,
Aldon Smith,Missouri,https://upload.wikimedia.org/wikipedia/commons/e/e4/Aldon_Smith_-_San_Francisco_vs_Green_Bay_2012.jpg
Jason Pierre-Paul,South Florida,https://upload.wikimedia.org/wikipedia/commons/6/6e/Jason_Pierre-Paul_%2851684900052%29_%28cropped%29.jpg
Brian Orakpo,Texas,https://upload.wikimedia.org/wikipedia/commons/0/03/Washington_Commanders_Reveal_Brian_Orakpo_%28cropped%29.jpg
Jack Campbell,Iowa,
Trenton Simpson,Clemson,https://upload.wikimedia.org/wikipedia/commons/4/4e/Trenton_Simpson_NFL_Combine_%28cropped%29.png
Dre Greenlaw,Arkansas,https://upload.wikimedia.org/wikipedia/commons/4/42/Dre_Greenlaw.jpg
Frankie Luvu,Washington State,https://upload.wikimedia.org/wikipedia/commons/b/bb/Frankie_Luvu_2025.jpg
Jordyn Brooks,Texas Tech,https://upload.wikimedia.org/wikipedia/commons/c/c9/Jordyn_Brooks_%2850744647202%29_%28cropped%29.jpg
Patrick Queen,LSU,https://upload.wikimedia.org/wikipedia/commons/5/59/Patrick_Queen.jpg
Kenneth Murray,Oklahoma,
Malik Harrison,Ohio State,https://upload.wikimedia.org/wikipedia/commons/1/12/Malik_Harrison.jpg
Anfernee Jennings,Alabama,https://upload.wikimedia.org/wikipedia/commons/a/a2/2015_Semper_Fidelis_All-American_Bowl_141230-M-XK427-096_%28cropped%29.jpg
Akeem Davis-Gaither,Appalachian State,
Logan Wilson,Wyoming,https://upload.wikimedia.org/wikipedia/commons/c/c0/2025_Commanders_vs._Bengals_-_Logan_Wilson_%28cropped%29.jpg
Isaiah Simmons,Clemson,https://upload.wikimedia.org/wikipedia/commons/0/0f/Semper_Fi_Bowl_Practice_Day_4_151230-M-AH293-031.jpg
Zack Baun,Wisconsin,https://upload.wikimedia.org/wikipedia/commons/b/b4/ZackBaunUW2018_%28cropped%29.jpg
Troy Dye,Oregon,https://upload.wikimedia.org/wikipedia/commons/9/98/Troy_Dye.jpg
Shaq Thompson,Washington,https://upload.wikimedia.org/wikipedia/commons/a/aa/Shaq_Thompson_2019_%28cropped2%29.jpg
Eric Kendricks,UCLA,https://upload.wikimedia.org/wikipedia/commons/f/fc/Eric_Kendricks_2015.JPG
Anthony Barr,UCLA,
Benardrick McKinney,Mississippi State,https://upload.wikimedia.org/wikipedia/commons/f/ff/Benardrick_McKinney.JPG
Ryan Shazier,Ohio State,https://upload.wikimedia.org/wikipedia/commons/1/17/Ryan_Shazier.jpg
Kiko Alonso,Oregon,https://upload.wikimedia.org/wikipedia/commons/6/60/KikoAlonso.jpg
Alec Ogletree,Georgia,https://upload.wikimedia.org/wikipedia/commons/2/2d/Alec_Ogletree_%2844433934320%29_%28cropped%29.jpg
Mychal Kendricks,California,https://upload.wikimedia.org/wikipedia/commons/3/34/Mychal_Kendricks_in_2010.jpg
Bruce Irvin,West Virginia,https://upload.wikimedia.org/wikipedia/commons/1/1c/Bruce_Irvin_in_2013.jpg
Justin Houston,Georgia,https://upload.wikimedia.org/wikipedia/commons/f/f7/Justin_Houston_%28cropped%29.jpg
Brooks Reed,Arizona,https://upload.wikimedia.org/wikipedia/commons/e/ea/Brooks_Reed_2015.jpg
K.J. Wright,Mississippi State,
Mason Foster,Washington,https://upload.wikimedia.org/wikipedia/commons/9/98/Mason_foster_redskins2017.jpg
Devon Witherspoon,Illinois,https://upload.wikimedia.org/wikipedia/commons/c/cb/Devon_Witherspoon_FanDuel_Interview_%28cropped%29.png
Christian Gonzalez,Oregon,https://upload.wikimedia.org/wikipedia/commons/1/13/Christian_Gonzalez_NFL_Combine_%28cropped%29.png
Emmanuel Forbes,Mississippi State,https://upload.wikimedia.org/wikipedia/commons/5/5e/Emmanuel_Forbes_2023.jpg
Joey Porter Jr.,Penn State,https://upload.wikimedia.org/wikipedia/commons/e/ee/Joey_Porter_Jr._NFL_Combine_%28cropped%29.png
Deonte Banks,Maryland,https://upload.wikimedia.org/wikipedia/commons/2/2f/Terrapins_at_Wolverines_Deonte_Banks.jpg
Cam Smith,South Carolina,
Julius Brents,Kansas State,
Darius Rush,South Carolina,https://upload.wikimedia.org/wikipedia/commons/a/ad/Darius_Rush.jpg
Brian Branch,Alabama,https://upload.wikimedia.org/wikipedia/commons/e/e9/Brian_Branch_NFL_Combine_%28cropped%29.png
Ji'Ayir Brown,Penn State,https://upload.wikimedia.org/wikipedia/commons/6/60/Ji%27Ayir_Brown_NFL_Combine_%28cropped%29.png
Jordan Battle,Alabama,https://upload.wikimedia.org/wikipedia/commons/b/b2/Jordan_Battle%2C_2021.jpg
Sydney Brown,Illinois,
Tre'von Moehrig,TCU,https://upload.wikimedia.org/wikipedia/commons/d/d4/Trevon_Moehrig_Raiders-WFT_DEC2021_%28cropped%29.jpg
Jevon Holland,Oregon,https://upload.wikimedia.org/wikipedia/commons/7/79/Jevon_Holland_%28cropped%29.jpg
Trevon Moehrig,TCU,
Asante Samuel Jr.,Florida State,https://upload.wikimedia.org/wikipedia/commons/1/16/Asante_Samuel_Jr._Ravens_vs_Chargers_-_51603164290_OCT2021_%28cropped%29.jpg
Ifeatu Melifonwu,Syracuse,
Kelvin Joseph,Kentucky,https://upload.wikimedia.org/wikipedia/commons/9/98/Kelvin_Joseph_%2852480355914%29_%28cropped%29.jpg
Greg Newsome II,Northwestern,https://upload.wikimedia.org/wikipedia/commons/d/da/Greg_Newsome_II_%282021%29.jpg
Eric Stokes,Georgia,
Elijah Molden,Washington,https://upload.wikimedia.org/wikipedia/commons/4/4c/Elijah_Molden_2021_09-19.jpg
Paulson Adebo,Stanford,https://upload.wikimedia.org/wikipedia/commons/c/c4/Paulson_Adebo_2021_%28cropped%29_2.jpg
Tyson Campbell,Georgia,
Richie Grant,UCF,
Andre Cisco,Syracuse,https://upload.wikimedia.org/wikipedia/commons/1/16/2025_NYJ_Training_Camp_Question_-_Andre_Cisco.png
Ar'Darius Washington,TCU,
CJ Henderson,Florida,
Trevon Diggs,Alabama,https://upload.wikimedia.org/wikipedia/commons/b/b4/Trevon_Diggs_December_2021_%28cropped%29.jpg
Darnay Holmes,UCLA,https://upload.wikimedia.org/wikipedia/commons/a/a1/Darnay_Holmes.jpg
Amik Robertson,Louisiana Tech,
Grant Delpit,LSU,https://upload.wikimedia.org/wikipedia/commons/2/2f/Grant_Delpit_Browns_OCT2021_%28cropped%29.jpg
Xavier McKinney,Alabama,https://upload.wikimedia.org/wikipedia/commons/0/06/Xavier_McKinney_2025.jpg
Ashtyn Davis,California,
K'Von Wallace,Clemson,https://upload.wikimedia.org/wikipedia/commons/5/5d/Tennessee_Titans_honor_Fort_Campbell_Soldiers_during_%22Salute_to_Service%22_Game_%28cropped%29.jpg
L'Jarius Sneed,Louisiana Tech,https://upload.wikimedia.org/wikipedia/commons/6/69/CB_L%27Jarius_Sneed_on_Official_Titans_Podcast_%28cropped%29.png
Rock Ya-Sin,Temple,
Deandre Baker,Georgia,https://upload.wikimedia.org/wikipedia/commons/7/75/Deandre_Baker_%28cropped%29.jpg
Greedy Williams,LSU,https://upload.wikimedia.org/wikipedia/commons/3/3c/Greedy_Williams_2019_%2849093950202%29_%28cropped%29.jpg
Byron Murphy,Washington,
Trayvon Mullen,Clemson,https://upload.wikimedia.org/wikipedia/commons/e/ed/Trayvon_Mullen.JPG
Sean Murphy-Bunting,Central Michigan,https://upload.wikimedia.org/wikipedia/commons/6/67/Sean_Murphy-Bunting_Titans_Interview.png
Lonnie Johnson Jr.,Kentucky,https://upload.wikimedia.org/wikipedia/commons/6/6b/Lonnie_Johnson_Jr.png
Juan Thornhill,Virginia,https://upload.wikimedia.org/wikipedia/commons/e/eb/Juan_Thornhill_Newsome_Celebrity_Softball_Game_JUNE2023_%28cropped%29.jpg
Johnathan Abram,Mississippi State,https://upload.wikimedia.org/wikipedia/commons/8/85/Jonathan_Abram_visits_Kadena_%284%29_%28cropped%29.jpg
Chauncey Gardner-Johnson,Florida,
Taylor Rapp,Washington,https://upload.wikimedia.org/wikipedia/commons/f/f1/Taylor_Rapp.png
Nasir Adderley,Delaware,https://upload.wikimedia.org/wikipedia/commons/2/28/Nasir_Adderley_%2851459803362%29.jpg
Deionte Thompson,Alabama,https://upload.wikimedia.org/wikipedia/commons/b/bd/Deionte_Thompson.png
Evan McPherson,Florida,https://upload.wikimedia.org/wikipedia/commons/f/fe/Evan_McPherson_%2851394980490%29_%28cropped%29_%28cropped%29.jpg
Tyler Bass,Georgia Southern,https://upload.wikimedia.org/wikipedia/commons/9/93/Tyler_Bass_%2851528385837%29_%28cropped%29.jpg
Rodrigo Blankenship,Georgia,https://upload.wikimedia.org/wikipedia/commons/b/bc/Rodrigo_Blankenship_speaking_to_the_media%2C_Jan_2018_%28cropped%29.jpg
Cameron Dicker,Texas,https://upload.wikimedia.org/wikipedia/commons/9/9d/Cameron_Dicker_3_18_2024.jpg
Eddy Pineiro,Florida,
Chris Boswell,Rice,https://upload.wikimedia.org/wikipedia/commons/b/b1/ChrisBoswell2025.jpg
Cairo Santos,Tulane,https://upload.wikimedia.org/wikipedia/commons/7/77/Cairo_Santos_10_27_2015.jpg
Brandon McManus,Temple,https://upload.wikimedia.org/wikipedia/commons/c/cc/Brandon_McManus_2017.jpg
Nick Folk,Arizona,https://upload.wikimedia.org/wikipedia/commons/5/5e/Nick_Folk_Media_Availability_11_24_2024.jpg
Graham Gano,Florida State,https://upload.wikimedia.org/wikipedia/commons/c/c2/Graham_Gano.JPG
Ryan Succop,South Carolina,https://upload.wikimedia.org/wikipedia/commons/e/ea/Ryan_Succop_WFT-Buccaneers_NOV2021_%28cropped%29.jpg
Dustin Hopkins,Florida State,https://upload.wikimedia.org/wikipedia/commons/b/b4/NFL2021_-_Washington_Football_Team_at_Buffalo_Bills_111_%2851529127647%29_%281%29.jpg
Josh Lambo,Texas A&M,https://upload.wikimedia.org/wikipedia/commons/f/fe/Josh_Lambo.JPG
Blair Walsh,Georgia,https://upload.wikimedia.org/wikipedia/commons/e/e6/Blair_Walsh_2015.JPG
Cody Parkey,Auburn,https://upload.wikimedia.org/wikipedia/commons/7/72/Cody_Parkey_2019_10-13.jpg
