name,college,image_url
C.J. Stroud,Ohio State,
Bryce Young,Alabama,https://upload.wikimedia.org/wikipedia/commons/3/3a/Bryce_Young_at_W.P.T._Hill_Field_-_2024_-_02_%28cropped%29.jpg
Anthony Richardson,Florida,
Will Levis,Kentucky,https://upload.wikimedia.org/wikipedia/commons/8/82/Will_Levis_Titans-Steelers_NOV2023.png
Brock Purdy,Iowa State,https://upload.wikimedia.org/wikipedia/commons/4/49/BrockPurdy2021_%28cropped%29.jpg
Geno Smith,West Virginia,https://upload.wikimedia.org/wikipedia/commons/6/6c/Geno_Smith_Raiders_2025_%28cropped%29.jpg
Daniel Jones,Duke,
Jared Goff,California,https://upload.wikimedia.org/wikipedia/commons/4/48/Jared_Goff_by_Gage_Skidmore.jpg
Jordan Love,Utah State,https://upload.wikimedia.org/wikipedia/commons/6/6a/2025_Commanders_at_Packers_135_%28cropped%29.jpg
Trevor Lawrence,Clemson,https://upload.wikimedia.org/wikipedia/commons/0/02/Trevor_Lawrence_SEP2022_%28cropped%29.jpg
Mac Jones,Alabama,https://upload.wikimedia.org/wikipedia/commons/2/2f/Mac_1237_%281%29_%282%29.jpg
Deshaun Watson,Clemson,https://upload.wikimedia.org/wikipedia/commons/f/f6/Deshaun_Watson_%2853142891313%29_%28cropped%29.jpg
Aaron Rodgers,California,https://upload.wikimedia.org/wikipedia/commons/c/c3/Aaron_Rodgers_OCT2022_%28cropped%29.jpg
Derek Carr,Fresno State,https://upload.wikimedia.org/wikipedia/commons/5/50/Derek_Carr_WFT_at_Raiders_-_51735347857_%28cropped%29.jpg
Jacoby Brissett,NC State,https://upload.wikimedia.org/wikipedia/commons/2/20/Jacoby_Brissett_at_Charity_Softball_Game_2024_%28cropped%29.jpg
Teddy Bridgewater,Louisville,https://upload.wikimedia.org/wikipedia/commons/a/a2/Teddy_Bridgewater_2017.jpg
Case Keenum,Houston,https://upload.wikimedia.org/wikipedia/commons/a/a8/Case_Keenum_%2848572342057%29.jpg
Andy Dalton,TCU,https://upload.wikimedia.org/wikipedia/commons/d/df/Andy_Dalton_2017%E2%80%942.JPG
Nick Foles,Arizona,https://upload.wikimedia.org/wikipedia/commons/8/8a/Nick_Foles_Philadelphia_Eagles_Super_Bowl_LII_Victory_Parade_%2840140602902%29_%28cropped1%29.jpg
Colin Kaepernick,Nevada,https://upload.wikimedia.org/wikipedia/commons/1/1b/Colin_Kaepernick_-_San_Francisco_vs_Green_Bay_2012.jpg
Robert Griffin III,Baylor,https://upload.wikimedia.org/wikipedia/commons/3/35/Robert_Griffin_III_2022.jpg
Jameis Winston,Florida State,https://upload.wikimedia.org/wikipedia/commons/2/29/WFT_vs._Saints_%2851583434549%29.jpg
Marcus Mariota,Oregon,https://upload.wikimedia.org/wikipedia/commons/9/98/Marcus_Mariota_Commanders_2025.jpg
Baker Mayfield,Oklahoma,https://upload.wikimedia.org/wikipedia/commons/d/dd/Baker_Mayfield_%28cropped%29.jpg
Sam Darnold,USC,https://upload.wikimedia.org/wikipedia/commons/5/56/Sam_darnold_2019.jpg
Josh Rosen,UCLA,https://upload.wikimedia.org/wikipedia/commons/d/dd/Josh_Rosen_Browns_Camp_2022_%28cropped%29.jpg
Mitch Trubisky,North Carolina,
Carson Wentz,North Dakota State,https://upload.wikimedia.org/wikipedia/commons/c/c8/Carson_Wentz_%2851944114342%29_%28cropped%29.jpg
Eli Manning,Ole Miss,https://upload.wikimedia.org/wikipedia/commons/6/6c/Eli_Manning_crop.jpg
Alex Smith,Utah,https://upload.wikimedia.org/wikipedia/commons/e/ec/Alex_Smith_Redskins_2018.jpg
Jay Cutler,Vanderbilt,https://upload.wikimedia.org/wikipedia/commons/c/c5/JayCutlergfdl_%28cropped%29.JPG
Tony Romo,Eastern Illinois,https://upload.wikimedia.org/wikipedia/commons/4/4e/Tony_Romo_2015.jpg
Chad Pennington,Marshall,https://upload.wikimedia.org/wikipedia/commons/5/5a/Chad_Pennington.jpg
Donovan McNabb,Syracuse,https://upload.wikimedia.org/wikipedia/commons/7/7e/McNabb_cropped.jpg
Michael Vick,Virginia Tech,https://upload.wikimedia.org/wikipedia/commons/e/e5/Michael_vick_2017_%28cropped%29.jpg
Vince Young,Texas,https://upload.wikimedia.org/wikipedia/commons/2/25/Vince-Young.jpg
Matt Leinart,USC,https://upload.wikimedia.org/wikipedia/commons/5/53/Matt_Leinart_by_Gage_Skidmore.jpg
JaMarcus Russell,LSU,https://upload.wikimedia.org/wikipedia/commons/f/f1/JaMarcus_Russell_at_Falcons_at_Raiders_11-2-08.JPG
Ryan Fitzpatrick,Harvard,https://upload.wikimedia.org/wikipedia/commons/9/9d/Ryan_Fitzpatrick_Thursday_Night_Football_DEC2023_%28cropped%29.jpg
Tyrod Taylor,Virginia Tech,https://upload.wikimedia.org/wikipedia/commons/3/3a/Tyrod_Taylor_2016.jpg
Gardner Minshew,Washington State,https://upload.wikimedia.org/wikipedia/commons/9/9d/Gardner_Minshew_%28cropped%29.jpg
Trey Lance,North Dakota State,
Zach Wilson,BYU,https://upload.wikimedia.org/wikipedia/commons/8/81/Zach_Wilson_in_London.jpg
Justin Fields,Ohio State,https://upload.wikimedia.org/wikipedia/commons/4/4c/2025_NYJ_Media_Day_Justin_Fields_%28cropped%29.png
Kenny Pickett,Pittsburgh,https://upload.wikimedia.org/wikipedia/commons/3/3c/Kenny_Pickett_by_Gage_Skidmore.jpg
Davis Mills,Stanford,https://upload.wikimedia.org/wikipedia/commons/7/7f/Davis_Mills_Being_Chased_%28cropped%29.jpg
Sam Howell,North Carolina,https://upload.wikimedia.org/wikipedia/commons/c/cc/Sam_Howell_2022_-_3_%28cropped%29.jpg
Jahmyr Gibbs,Alabama,
Bijan Robinson,Texas,https://upload.wikimedia.org/wikipedia/commons/3/38/Atlanta_Falcons_Bijan_Robinson_MAY2023_%28cropped%29.png
Kenneth Walker III,Michigan State,
Breece Hall,Iowa State,https://upload.wikimedia.org/wikipedia/commons/b/b3/Breece_Hall_FanDuel_Interview_%28cropped%29.png
Travis Etienne,Clemson,https://upload.wikimedia.org/wikipedia/commons/6/6d/Travis_Etienne.jpg
Najee Harris,Alabama,https://upload.wikimedia.org/wikipedia/commons/d/dc/NajeeHarris2022.jpg
Javonte Williams,North Carolina,https://upload.wikimedia.org/wikipedia/commons/1/1f/Javonte_WIlliams_2025.jpg
James Conner,Pittsburgh,
Aaron Jones,UTEP,
Austin Ekeler,Western State Colorado,https://upload.wikimedia.org/wikipedia/commons/b/b9/Austin_Ekeler_2024.jpg
Josh Jacobs,Alabama,https://upload.wikimedia.org/wikipedia/commons/e/ed/2025_Commanders_at_Packers_54_%28cropped%29.jpg
David Montgomery,Iowa State,
Miles Sanders,Penn State,https://upload.wikimedia.org/wikipedia/commons/2/2b/Nittany_Lions_in_the_NFL_%28Miles_Sanders%29_%28cropped%29.jpg
D'Andre Swift,Georgia,https://upload.wikimedia.org/wikipedia/commons/f/f3/GA_VS_LSU_E101318_9.jpg
Cam Akers,Florida State,https://upload.wikimedia.org/wikipedia/commons/0/0a/Cam_Akers_2017.png
Clyde Edwards-Helaire,LSU,https://upload.wikimedia.org/wikipedia/commons/e/ee/2020-0113-ClydeEdwards-Helaire.jpg
Antonio Gibson,Memphis,https://upload.wikimedia.org/wikipedia/commons/4/4c/Antonio_Gibson_%2851400621925%29_%28cropped%29.jpg
J.K. Dobbins,Ohio State,
A.J. Dillon,Boston College,
Damien Harris,Alabama,https://upload.wikimedia.org/wikipedia/commons/6/64/Damien_Harris_Jan_2018_1_%28cropped%29.jpg
Devin Singletary,Florida Atlantic,https://upload.wikimedia.org/wikipedia/commons/4/40/2018-0719-CUSAMD-DevinSingletary.jpg
Kareem Hunt,Toledo,https://upload.wikimedia.org/wikipedia/commons/b/bb/Kareem_Hunt_2021.jpg
Melvin Gordon,Wisconsin,https://upload.wikimedia.org/wikipedia/commons/4/41/Melvin_Gordon.JPG
Sony Michel,Georgia,https://upload.wikimedia.org/wikipedia/commons/f/f4/Sony_Michel_Jan_2018.jpg
Rashaad Penny,San Diego State,https://upload.wikimedia.org/wikipedia/commons/d/dd/Penny_Press.png
Kerryon Johnson,Auburn,https://upload.wikimedia.org/wikipedia/commons/7/79/Kerryon_Johnson_2018.png
Derrius Guice,LSU,https://upload.wikimedia.org/wikipedia/commons/5/5b/Redskins_Offense_%28cropped%29_3.jpg
Ronald Jones,USC,
Damien Williams,Oklahoma,https://upload.wikimedia.org/wikipedia/commons/6/61/Damien_Williams_%28running_back%29_2019.JPG
Tevin Coleman,Indiana,https://upload.wikimedia.org/wikipedia/commons/b/b3/Tevin_Coleman_2015.jpg
Devonta Freeman,Florida State,https://upload.wikimedia.org/wikipedia/commons/3/39/Devonta_Freeman_2018.jpg
Carlos Hyde,Ohio State,https://upload.wikimedia.org/wikipedia/commons/3/30/Carlos_Hyde.JPG
Matt Forte,Tulane,https://upload.wikimedia.org/wikipedia/commons/8/8f/Matt_Forte.jpg
Jamaal Charles,Texas,https://upload.wikimedia.org/wikipedia/commons/e/e4/Jamaal_Charles_by_Gage_Skidmore.jpg
DeMarco Murray,Oklahoma,https://upload.wikimedia.org/wikipedia/commons/0/08/Demarco_Murray_2012_cropped.jpg
                                                                                                                                                                                                                                                                                                                                                                                                                                                                                                                                                                                                                                                                                                                                                                                                                                                                                                                                                                                                                                                                                                                                                                                                                                                                                                                                                                                                                                                                                                                                                                                                                                                                                                                                                                                                                                                                                                                                                                                                                                                                                                                                                                                                                                                                                                                                                                                                                                                                                                                                                                                                                                                                                                                                                                                                                                                                                                                                                                                                                                                                                                                                                                                                                                                                                                                                                                                                                                                                                                                                                                                                                                                                                                                                                                                                                                                                                                                                                                                                                                                                                                                                                                                                                                                                                                                                                                                                                                                                                                                                                                                                                                                                                                                                                                                                                                                                                                                                                                                                                                                                                                                                                                                                                                                                                                                                                                                                                                                                                                                                                                                                                                                                                                                                                                                                                                                                                                                                                                                                                                                                                                                                                                                                                                                                                                                                                                                                                                                                                                                                                                                                                                                                                                                                                                                                                                                                                                                                                                                                                                                                                                                                                                                                                                                                                                                                                                                                                                                                                                                                                                                                                                                                                                                                                                                                                                                                                                                                                                                                                                                                                                                                                                                                                                                                                                                                                                                                                                                                                                                                                                                                                                                                                                                                                                                                                                                                                                                                                                                                                                                                                                                                                                                                                                                                                                                                                                                                                                                                                                                                                                                                                                                                                                                                                                                                                                                                                                                                                                                                                                                                                                                                                                                                                                                                                                                                                                                                                                                                                                                                                                                                                                                                                                                                                                                                                                                                                                                                                                                                                                                                                                                                                                                                                                                                                                                                                                                                                                                                                                                                                                                                                                                                                                                                                                                                                                                                                                                                                                                                                                                                                                                                                                                                                                                                                                                                                                                                                                                                                                                                                                                                                                                                                                                                                                                                                                                                                                                                                                                                                                                                                                                                                                                                                                                                                                                                                                                                                                                                                                                                                                                                                                                                                                                                                                                                                                                                                                                                                                                                                                                                                                                                                                                                                                                                                                                                                                                                                                                                                                                                                                                                                                                                                                                                                                                                                                                                                                                                                                                                                                                                                                                                                                                                                                                                                                                                                                                                                                                                                                                                                                                                                                                                                                                                                                                                                                                                                                                                                                                                                                                                                                                                                                                                                                                                                                                                                                                                                                                                                                                                                                                                                                                                                                                                                                                                                                                                                                                                                                                                                                                                                                                                                                                                                                                                                                                                                                                                                                                                                                                                                                                                                                                                                                                                                                                                                                                                                                                                                                                                                                                                                                                                                                                                                                                                                                                                                                                                                                                                                                                                                                                                                                                                                                                                                                                                                                                                                                                                                                                                                                                                                                                                                                                                                                                                                                                                                                                                                                                                                                                                                                                                                                                                                                                                                                                                                                                                                                                                                                                                                                                                                                                                                                                                                                                                                                                                                                                                                                                                                                                                                                                                                                                                                                                                                                                                                                                                                                                                                                                                                                                                                                                                                                                                                                                                                                                                                                                                                                                                                                                                                                                                                                                                                                                                                                                                                                                                                                                                                                                                                                                                                                                                                                                                                                                                                                                                                                                                                                                                                                                                                                                                                                                                                                                                                                                                                                                                                                                                                                                                                                                                                                                                                                                                                                                                                                                                                                                                                                                                                                                                                                                                                                                                                                                                                                                                                                                                                                                                                                                                                                                                                                                                                                                                                                                                                                                                                                                                                                                                                                                                                                                                                                                                                                                                                                                                                                                                                                                                                                                                                                                                                                                                                                                                                                                                                                                                                                                                                                                                                                                                                                                                                                                                                                                                                                                                                                                                                                                                                                                                                                                                                                                                                                                                                                                                                                                                                                                                                                                                                                                                                                                                                                                                                                                                                                                                                                                                                                                                                                                                                                                                                                                                                                                                                                                                                                                                                                                                                                                                                                                                                                                                                                                                                                                                                                                                                                                                                                                                                                                                                                                                                                                                                                                                                                                                                                                                                                                                                                                                                                                                                                                                                                                                                                                                                                                                                                                                                                                                                                                                                                                                                                                                                                                                                                                                                                                                                                                                                                                                                                                                                                                                                                                                                                                                                                                                                                                                                                                                                                                                                                                                                                                                                                                                                                                                                                                                                                                                                                                                                                                                                                                                                                                                                                                                                                                                                                                                                                                                                                                                                                                                                                                                                                                                                                                                                                                                                                                                                                                                                                                                                                                                                                                                                                                                                                                                                                                                                                                                                                                                                                                                                                                                                                                                                                                                                                                                                                                                                                                                                                                                                                                                                                                                                                                                                                                                                                                                                                                                                                                                                                                                                                                                                                                                                                                                                                                                                                                                                                                                                                                                                                                                                                                                                                                                                                                                                                                                                                                                                                             Chigoziem Okonkwo,Maryland,https://upload.wikimedia.org/wikipedia/commons/9/98/Chigoziem_Okonkwo_Music_City_Football_Episode_2_%28cropped%29.png
Isaiah Likely,Coastal Carolina,
Daniel Bellinger,San Diego State,
Greg Dulcich,UCLA,
Cole Kmet,Notre Dame,https://upload.wikimedia.org/wikipedia/commons/7/76/Cole_Kmet_visits_KMC%2C_hosts_youth_football_camp_%28A-Roll%29.png
Albert Okwuegbunam,Missouri,
Harrison Bryant,Florida Atlantic,https://upload.wikimedia.org/wikipedia/commons/c/cc/Harrison_Bryant_%2851371897471%29.jpg
Adam Trautman,Dayton,https://upload.wikimedia.org/wikipedia/commons/9/90/Adam_Trautman_%2851583671965%29_%28cropped%29.jpg
Devin Asiasi,UCLA,https://upload.wikimedia.org/wikipedia/commons/3/3f/Devin_Asiasi.jpg
Josiah Deguara,Cincinnati,https://upload.wikimedia.org/wikipedia/commons/d/df/Josiah_Deguara_%2851630823632%29.jpg
Will Anderson Jr.,Alabama,https://upload.wikimedia.org/wikipedia/commons/b/b5/Will_Anderson_Jr._NFL_Combine_%28cropped%29.png
Jalen Carter,Georgia,https://upload.wikimedia.org/wikipedia/commons/f/f0/Jalen_Carter_030825.jpg
Tyree Wilson,Texas Tech,https://upload.wikimedia.org/wikipedia/commons/9/97/Tyree_Wilson_NFL_Combine_%28cropped%29.png
Lukas Van Ness,Iowa,https://upload.wikimedia.org/wikipedia/commons/f/f4/Lukas_Van_Ness_at_Fisher_House_%2854440447927_-2%29.jpg
Mazi Smith,Michigan,https://upload.wikimedia.org/wikipedia/commons/9/95/Mazi_Smith_U.S._Army_Soldiers_take_part_in_the_USAA_Salute_to_Service_Boot_Camp_%2812%29_%28cropped%29.jpg
Bryan Bresee,Clemson,https://upload.wikimedia.org/wikipedia/commons/7/7d/Bryan_Bresee_NFL_Combine_%28cropped%29.png
Aidan Hutchinson,Michigan,https://upload.wikimedia.org/wikipedia/commons/5/5f/Aidan_Hutchinson.jpg
Travon Walker,Georgia,https://upload.wikimedia.org/wikipedia/commons/f/f1/Travon_Walker_Commanders_vs_Jaguars_SEP2022_%28cropped%29.jpg
Kayvon Thibodeaux,Oregon,https://upload.wikimedia.org/wikipedia/commons/a/aa/Kayvon_Thibodeaux.png
George Karlaftis,Purdue,https://upload.wikimedia.org/wikipedia/commons/e/e3/George_Karlaftis.jpg
Jermaine Johnson,Florida State,
Drake Jackson,USC,https://upload.wikimedia.org/wikipedia/commons/3/38/Drake_Jackson.png
Arnold Ebiketie,Penn State,https://upload.wikimedia.org/wikipedia/commons/f/f4/Arnold_Ebiketie_interview.jpg
Boye Mafe,Minnesota,
David Ojabo,Michigan,https://upload.wikimedia.org/wikipedia/commons/d/db/David_Ojabo_2021.jpg
Christian Barmore,Alabama,
Payton Turner,Houston,https://upload.wikimedia.org/wikipedia/commons/7/75/Payton_Turner_2021_%28cropped%29.jpg
Kwity Paye,Michigan,https://upload.wikimedia.org/wikipedia/commons/5/5f/Kwity_Paye_2018.jpg
Gregory Rousseau,Miami,
Jayson Oweh,Penn State,
Zaven Collins,Tulsa,https://upload.wikimedia.org/wikipedia/commons/7/74/Zaven_Collins.png
Jaelan Phillips,Miami,https://upload.wikimedia.org/wikipedia/commons/1/11/Jaelan_Phillips_Dolphins-Falcons_OCT2021.png
Carlos Basham Jr.,Wake Forest,
Chase Young,Ohio State,https://upload.wikimedia.org/wikipedia/commons/6/6f/Chase_Young_%2851398863497%29_%28cropped%29.jpg
A.J. Epenesa,Iowa,
Yetur Gross-Matos,Penn State,https://upload.wikimedia.org/wikipedia/commons/1/1d/Yetur_Gross-Matos_%28cropped%29.jpg
Derrick Brown,Auburn,
Javon Kinlaw,South Carolina,https://upload.wikimedia.org/wikipedia/commons/e/ef/Javon_Kinlaw_%28cropped%29.jpg
Ross Blacklock,TCU,
Raekwon Davis,Alabama,https://upload.wikimedia.org/wikipedia/commons/c/c2/Raekwon_Davis.jpg
Neville Gallimore,Oklahoma,
Jordan Elliott,Missouri,https://upload.wikimedia.org/wikipedia/commons/9/95/Jordan_Elliott.jpg
Vita Vea,Washington,https://upload.wikimedia.org/wikipedia/commons/0/03/Vita_Vea_2021_%28cropped%29.jpg
Da'Ron Payne,Alabama,
Taven Bryan,Florida,
Maurice Hurst,Michigan,
Harrison Phillips,Stanford,https://upload.wikimedia.org/wikipedia/commons/9/94/Harrison_Phillips_%284886201%29_%28cropped%29.jpg
Malik McDowell,Michigan State,https://upload.wikimedia.org/wikipedia/commons/e/e7/Malik_McDowell_%2851654795074%29_%28cropped%29.jpg
Jonathan Allen,Alabama,https://upload.wikimedia.org/wikipedia/commons/a/a6/Washington_Commanders_Reveal_Jonathan_Allen_%28cropped%29.jpg
Solomon Thomas,Stanford,https://upload.wikimedia.org/wikipedia/commons/2/28/Solomon_Thomas.jpg
Malik Jackson,Tennessee,
Sheldon Richardson,Missouri,https://upload.wikimedia.org/wikipedia/commons/4/4d/Sheldon_Richardson_Browns_preseason_2019_%28cropped%29.jpg
Star Lotulelei,Utah,https://upload.wikimedia.org/wikipedia/commons/3/38/Saints_vs_Panthers_12.6.15_039.jpg
Dontari Poe,Memphis,https://upload.wikimedia.org/wikipedia/commons/3/32/Dontari_Poe_2014.JPG
Michael Brockers,LSU,https://upload.wikimedia.org/wikipedia/commons/3/3c/Michael_Brockers_Commanders_vs_Lions_2022_%28cropped%29.jpg
Nick Fairley,Auburn,https://upload.wikimedia.org/wikipedia/commons/b/ba/Nick_Fairley_2_%28cropped%29.jpg
Cameron Heyward,Ohio State,https://upload.wikimedia.org/wikipedia/commons/8/85/Cameron_Heyward_OCT2021_%28cropped%29.jpg
J.J. Watt,Wisconsin,
Chandler Jones,Syracuse,https://upload.wikimedia.org/wikipedia/commons/9/9a/Chandler_Jones.JPG
Olivier Vernon,Miami,https://upload.wikimedia.org/wikipedia/commons/f/fe/Olivier_Vernon.JPG
Robert Quinn,North Carolina,
Aldon Smith,Missouri,https://upload.wikimedia.org/wikipedia/commons/e/e4/Aldon_Smith_-_San_Francisco_vs_Green_Bay_2012.jpg
Jason Pierre-Paul,South Florida,https://upload.wikimedia.org/wikipedia/commons/6/6e/Jason_Pierre-Paul_%2851684900052%29_%28cropped%29.jpg
Brian Orakpo,Texas,https://upload.wikimedia.org/wikipedia/commons/0/03/Washington_Commanders_Reveal_Brian_Orakpo_%28cropped%29.jpg
Jack Campbell,Iowa,
Trenton Simpson,Clemson,https://upload.wikimedia.org/wikipedia/commons/4/4e/Trenton_Simpson_NFL_Combine_%28cropped%29.png
Dre Greenlaw,Arkansas,https://upload.wikimedia.org/wikipedia/commons/4/42/Dre_Greenlaw.jpg
Frankie Luvu,Washington State,https://upload.wikimedia.org/wikipedia/commons/b/bb/Frankie_Luvu_2025.jpg
Jordyn Brooks,Texas Tech,https://upload.wikimedia.org/wikipedia/commons/c/c9/Jordyn_Brooks_%2850744647202%29_%28cropped%29.jpg
Patrick Queen,LSU,https://upload.wikimedia.org/wikipedia/commons/5/59/Patrick_Queen.jpg
Kenneth Murray,Oklahoma,
Malik Harrison,Ohio State,https://upload.wikimedia.org/wikipedia/commons/1/12/Malik_Harrison.jpg
Anfernee Jennings,Alabama,https://upload.wikimedia.org/wikipedia/commons/a/a2/2015_Semper_Fidelis_All-American_Bowl_141230-M-XK427-096_%28cropped%29.jpg
Akeem Davis-Gaither,Appalachian State,
Logan Wilson,Wyoming,https://upload.wikimedia.org/wikipedia/commons/c/c0/2025_Commanders_vs._Bengals_-_Logan_Wilson_%28cropped%29.jpg
Isaiah Simmons,Clemson,https://upload.wikimedia.org/wikipedia/commons/0/0f/Semper_Fi_Bowl_Practice_Day_4_151230-M-AH293-031.jpg
Zack Baun,Wisconsin,https://upload.wikimedia.org/wikipedia/commons/b/b4/ZackBaunUW2018_%28cropped%29.jpg
Troy Dye,Oregon,https://upload.wikimedia.org/wikipedia/commons/9/98/Troy_Dye.jpg
Shaq Thompson,Washington,https://upload.wikimedia.org/wikipedia/commons/a/aa/Shaq_Thompson_2019_%28cropped2%29.jpg
Eric Kendricks,UCLA,https://upload.wikimedia.org/wikipedia/commons/f/fc/Eric_Kendricks_2015.JPG
Anthony Barr,UCLA,
Benardrick McKinney,Mississippi State,https://upload.wikimedia.org/wikipedia/commons/f/ff/Benardrick_McKinney.JPG
Ryan Shazier,Ohio State,https://upload.wikimedia.org/wikipedia/commons/1/17/Ryan_Shazier.jpg
Kiko Alonso,Oregon,https://upload.wikimedia.org/wikipedia/commons/6/60/KikoAlonso.jpg
Alec Ogletree,Georgia,https://upload.wikimedia.org/wikipedia/commons/2/2d/Alec_Ogletree_%2844433934320%29_%28cropped%29.jpg
Mychal Kendricks,California,https://upload.wikimedia.org/wikipedia/commons/3/34/Mychal_Kendricks_in_2010.jpg
Bruce Irvin,West Virginia,https://upload.wikimedia.org/wikipedia/commons/1/1c/Bruce_Irvin_in_2013.jpg
Justin Houston,Georgia,https://upload.wikimedia.org/wikipedia/commons/f/f7/Justin_Houston_%28cropped%29.jpg
Brooks Reed,Arizona,https://upload.wikimedia.org/wikipedia/commons/e/ea/Brooks_Reed_2015.jpg
K.J. Wright,Mississippi State,
Mason Foster,Washington,https://upload.wikimedia.org/wikipedia/commons/9/98/Mason_foster_redskins2017.jpg
Devon Witherspoon,Illinois,https://upload.wikimedia.org/wikipedia/commons/c/cb/Devon_Witherspoon_FanDuel_Interview_%28cropped%29.png
Christian Gonzalez,Oregon,https://upload.wikimedia.org/wikipedia/commons/1/13/Christian_Gonzalez_NFL_Combine_%28cropped%29.png
Emmanuel Forbes,Mississippi State,https://upload.wikimedia.org/wikipedia/commons/5/5e/Emmanuel_Forbes_2023.jpg
Joey Porter Jr.,Penn State,https://upload.wikimedia.org/wikipedia/commons/e/ee/Joey_Porter_Jr._NFL_Combine_%28cropped%29.png
Deonte Banks,Maryland,https://upload.wikimedia.org/wikipedia/commons/2/2f/Terrapins_at_Wolverines_Deonte_Banks.jpg
Cam Smith,South Carolina,
Julius Brents,Kansas State,
Darius Rush,South Carolina,https://upload.wikimedia.org/wikipedia/commons/a/ad/Darius_Rush.jpg
Brian Branch,Alabama,https://upload.wikimedia.org/wikipedia/commons/e/e9/Brian_Branch_NFL_Combine_%28cropped%29.png
Ji'Ayir Brown,Penn State,https://upload.wikimedia.org/wikipedia/commons/6/60/Ji%27Ayir_Brown_NFL_Combine_%28cropped%29.png
Jordan Battle,Alabama,https://upload.wikimedia.org/wikipedia/commons/b/b2/Jordan_Battle%2C_2021.jpg
Sydney Brown,Illinois,
Tre'von Moehrig,TCU,https://upload.wikimedia.org/wikipedia/commons/d/d4/Trevon_Moehrig_Raiders-WFT_DEC2021_%28cropped%29.jpg
Jevon Holland,Oregon,https://upload.wikimedia.org/wikipedia/commons/7/79/Jevon_Holland_%28cropped%29.jpg
Trevon Moehrig,TCU,
Asante Samuel Jr.,Florida State,https://upload.wikimedia.org/wikipedia/commons/1/16/Asante_Samuel_Jr._Ravens_vs_Chargers_-_51603164290_OCT2021_%28cropped%29.jpg
Ifeatu Melifonwu,Syracuse,
Kelvin Joseph,Kentucky,https://upload.wikimedia.org/wikipedia/commons/9/98/Kelvin_Joseph_%2852480355914%29_%28cropped%29.jpg
Greg Newsome II,Northwestern,https://upload.wikimedia.org/wikipedia/commons/d/da/Greg_Newsome_II_%282021%29.jpg
Eric Stokes,Georgia,
Elijah Molden,Washington,https://upload.wikimedia.org/wikipedia/commons/4/4c/Elijah_Molden_2021_09-19.jpg
Paulson Adebo,Stanford,https://upload.wikimedia.org/wikipedia/commons/c/c4/Paulson_Adebo_2021_%28cropped%29_2.jpg
Tyson Campbell,Georgia,
Richie Grant,UCF,
Andre Cisco,Syracuse,https://upload.wikimedia.org/wikipedia/commons/1/16/2025_NYJ_Training_Camp_Question_-_Andre_Cisco.png
Ar'Darius Washington,TCU,
CJ Henderson,Florida,
Trevon Diggs,Alabama,https://upload.wikimedia.org/wikipedia/commons/b/b4/Trevon_Diggs_December_2021_%28cropped%29.jpg
Darnay Holmes,UCLA,https://upload.wikimedia.org/wikipedia/commons/a/a1/Darnay_Holmes.jpg
Amik Robertson,Louisiana Tech,
Grant Delpit,LSU,https://upload.wikimedia.org/wikipedia/commons/2/2f/Grant_Delpit_Browns_OCT2021_%28cropped%29.jpg
Xavier McKinney,Alabama,https://upload.wikimedia.org/wikipedia/commons/0/06/Xavier_McKinney_2025.jpg
Ashtyn Davis,California,
K'Von Wallace,Clemson,https://upload.wikimedia.org/wikipedia/commons/5/5d/Tennessee_Titans_honor_Fort_Campbell_Soldiers_during_%22Salute_to_Service%22_Game_%28cropped%29.jpg
L'Jarius Sneed,Louisiana Tech,https://upload.wikimedia.org/wikipedia/commons/6/69/CB_L%27Jarius_Sneed_on_Official_Titans_Podcast_%28cropped%29.png
Rock Ya-Sin,Temple,
Deandre Baker,Georgia,https://upload.wikimedia.org/wikipedia/commons/7/75/Deandre_Baker_%28cropped%29.jpg
Greedy Williams,LSU,https://upload.wikimedia.org/wikipedia/commons/3/3c/Greedy_Williams_2019_%2849093950202%29_%28cropped%29.jpg
Byron Murphy,Washington,
Trayvon Mullen,Clemson,https://upload.wikimedia.org/wikipedia/commons/e/ed/Trayvon_Mullen.JPG
Sean Murphy-Bunting,Central Michigan,https://upload.wikimedia.org/wikipedia/commons/6/67/Sean_Murphy-Bunting_Titans_Interview.png
Lonnie Johnson Jr.,Kentucky,https://upload.wikimedia.org/wikipedia/commons/6/6b/Lonnie_Johnson_Jr.png
Juan Thornhill,Virginia,https://upload.wikimedia.org/wikipedia/commons/e/eb/Juan_Thornhill_Newsome_Celebrity_Softball_Game_JUNE2023_%28cropped%29.jpg
Johnathan Abram,Mississippi State,https://upload.wikimedia.org/wikipedia/commons/8/85/Jonathan_Abram_visits_Kadena_%284%29_%28cropped%29.jpg
Chauncey Gardner-Johnson,Florida,
Taylor Rapp,Washington,https://upload.wikimedia.org/wikipedia/commons/f/f1/Taylor_Rapp.png
Nasir Adderley,Delaware,https://upload.wikimedia.org/wikipedia/commons/2/28/Nasir_Adderley_%2851459803362%29.jpg
Deionte Thompson,Alabama,https://upload.wikimedia.org/wikipedia/commons/b/bd/Deionte_Thompson.png
Evan McPherson,Florida,https://upload.wikimedia.org/wikipedia/commons/f/fe/Evan_McPherson_%2851394980490%29_%28cropped%29_%28cropped%29.jpg
Tyler Bass,Georgia Southern,https://upload.wikimedia.org/wikipedia/commons/9/93/Tyler_Bass_%2851528385837%29_%28cropped%29.jpg
Rodrigo Blankenship,Georgia,https://upload.wikimedia.org/wikipedia/commons/b/bc/Rodrigo_Blankenship_speaking_to_the_media%2C_Jan_2018_%28cropped%29.jpg
Cameron Dicker,Texas,https://upload.wikimedia.org/wikipedia/commons/9/9d/Cameron_Dicker_3_18_2024.jpg
Eddy Pineiro,Florida,
Chris Boswell,Rice,https://upload.wikimedia.org/wikipedia/commons/b/b1/ChrisBoswell2025.jpg
Cairo Santos,Tulane,https://upload.wikimedia.org/wikipedia/commons/7/77/Cairo_Santos_10_27_2015.jpg
Brandon McManus,Temple,https://upload.wikimedia.org/wikipedia/commons/c/cc/Brandon_McManus_2017.jpg
Nick Folk,Arizona,https://upload.wikimedia.org/wikipedia/commons/5/5e/Nick_Folk_Media_Availability_11_24_2024.jpg
Graham Gano,Florida State,https://upload.wikimedia.org/wikipedia/commons/c/c2/Graham_Gano.JPG
Ryan Succop,South Carolina,https://upload.wikimedia.org/wikipedia/commons/e/ea/Ryan_Succop_WFT-Buccaneers_NOV2021_%28cropped%29.jpg
Dustin Hopkins,Florida State,https://upload.wikimedia.org/wikipedia/commons/b/b4/NFL2021_-_Washington_Football_Team_at_Buffalo_Bills_111_%2851529127647%29_%281%29.jpg
Josh Lambo,Texas A&M,https://upload.wikimedia.org/wikipedia/commons/f/fe/Josh_Lambo.JPG
Blair Walsh,Georgia,https://upload.wikimedia.org/wikipedia/commons/e/e6/Blair_Walsh_2015.JPG
Cody Parkey,Auburn,https://upload.wikimedia.org/wikipedia/commons/7/72/Cody_Parkey_2019_10-13.jpg
